<?xml version='1.0' encoding='UTF-8'?>

<!--
  ~ Copyright (c) 2008-2013, Hazelcast, Inc. All Rights Reserved.
  ~
  ~ Licensed under the Apache License, Version 2.0 (the "License");
  ~ you may not use this file except in compliance with the License.
  ~ You may obtain a copy of the License at
  ~
  ~ http://www.apache.org/licenses/LICENSE-2.0
  ~
  ~ Unless required by applicable law or agreed to in writing, software
  ~ distributed under the License is distributed on an "AS IS" BASIS,
  ~ WITHOUT WARRANTIES OR CONDITIONS OF ANY KIND, either express or implied.
  ~ See the License for the specific language governing permissions and
  ~ limitations under the License.
  -->

<para version="5.0" xmlns="http://docbook.org/ns/docbook"
      xmlns:xi="http://www.w3.org/2001/XInclude"
      xmlns:xlink="http://www.w3.org/1999/xlink"
      xmlns:xsi="http://www.w3.org/2001/XMLSchema-instance"
      xsi:schemaLocation="http://docbook.org/ns/docbook http://www.docbook.org/xml/5.0/xsd/docbook.xsd
      http://www.w3.org/1999/xlink http://www.w3.org/1999/xlink.xsd">
    Hazelcast has an extensible, JAAS based security feature
    which can be used to authenticate both cluster members and clients and to do access control checks
    on client operations. Access control can be done according to endpoint principal and/or endpoint address.
    Security can be enabled and configured either in configuration xml or using Config api.
    <programlisting language="xml"><![CDATA[<hazelcast xsi:schemaLocation="http://www.hazelcast.com/schema/config
    http://www.hazelcast.com/schema/config/hazelcast-config-3.1.xsd"
    xmlns="http://www.hazelcast.com/schema/config"
    xmlns:xsi="http://www.w3.org/2001/XMLSchema-instance">
    
    ...
    <security enabled="true">
    ...
    </security>
</hazelcast>
]]></programlisting>
    <programlisting language="java"><![CDATA[Config cfg = new Config();
SecurityConfig securityCfg = cfg.getSecurityConfig();
securityCfg.setEnabled(true);
]]></programlisting>

    <emphasis role="italic">Also see how to <link xlink:href="#EnterpriseConfig">configure license key</link>.</emphasis>
</para>
