<?xml version='1.0' encoding='UTF-8'?>
<!--
  ~ Copyright (c) 2008-2013, Hazelcast, Inc. All Rights Reserved.
  ~
  ~ Licensed under the Apache License, Version 2.0 (the "License");
  ~ you may not use this file except in compliance with the License.
  ~ You may obtain a copy of the License at
  ~
  ~ http://www.apache.org/licenses/LICENSE-2.0
  ~
  ~ Unless required by applicable law or agreed to in writing, software
  ~ distributed under the License is distributed on an "AS IS" BASIS,
  ~ WITHOUT WARRANTIES OR CONDITIONS OF ANY KIND, either express or implied.
  ~ See the License for the specific language governing permissions and
  ~ limitations under the License.
  -->

<sect1 xml:id="IdGenerator" version='5.0' xmlns='http://docbook.org/ns/docbook'
       xmlns:xi="http://www.w3.org/2001/XInclude"
       xmlns:xlink="http://www.w3.org/1999/xlink"
       xmlns:xsi="http://www.w3.org/2001/XMLSchema-instance"
       xsi:schemaLocation="http://docbook.org/ns/docbook http://www.docbook.org/xml/5.0/xsd/docbook.xsd
       http://www.w3.org/1999/xlink http://www.w3.org/1999/xlink.xsd">
    <title>Cluster-wide Id Generator</title>
    <para>
        Hazelcast IdGenerator creates cluster-wide unique IDs. Generated IDs are long type primitive values between 0
        and
        <literal>Long.MAX_VALUE</literal>
        . Id generation occurs almost at the speed of
        <literal>AtomicLong.incrementAndGet()</literal>
        . Generated IDs are unique during the life cycle of the cluster. If the entire cluster is restarted, IDs start
        from 0 again or you can initialize to a value.

        <programlisting language="java"><![CDATA[import com.hazelcast.core.IdGenerator;
import com.hazelcast.core.Hazelcast;

Config cfg = new Config();
HazelcastInstance hz = Hazelcast.newHazelcastInstance(cfg);
IdGenerator idGenerator = hz.getIdGenerator("customer-ids");
idGenerator.init(123L); //Optional
long id = idGenerator.newId();
]]></programlisting>


    </para>
</sect1>
