<?xml version="1.0" encoding="iso-8859-1"?>
<!--
  ~ Copyright 2009-2013 Roland Huss
  ~
  ~ Licensed under the Apache License, Version 2.0 (the "License");
  ~ you may not use this file except in compliance with the License.
  ~ You may obtain a copy of the License at
  ~
  ~       http://www.apache.org/licenses/LICENSE-2.0
  ~
  ~ Unless required by applicable law or agreed to in writing, software
  ~ distributed under the License is distributed on an "AS IS" BASIS,
  ~ WITHOUT WARRANTIES OR CONDITIONS OF ANY KIND, either express or implied.
  ~ See the License for the specific language governing permissions and
  ~ limitations under the License.
  -->

<!DOCTYPE book PUBLIC "-//OASIS//DTD DocBook XML V4.4//EN" "http://www.oasis-open.org/docbook/xml/4.4/docbookx.dtd">
<book xmlns:xi="http://www.w3.org/2001/XInclude">
  <bookinfo>
    <title>
      <inlinegraphic align="right" fileref="jolokia_logo.png"/>
      Jolokia - Reference Documentation
    </title>
    <releaseinfo>1.3.4</releaseinfo>
    <authorgroup>
      <author>
        <firstname>Roland</firstname>
        <surname>Hu�</surname>
      </author>
    </authorgroup>
    <copyright>
      <year>2010 - 2014</year>
      <holder>Roland Hu�</holder>
    </copyright>
  </bookinfo>
  <toc/>

  <xi:include href='introduction.xml'/>
  <xi:include href='architecture.xml'/>
  <xi:include href='agents.xml'/>
  <xi:include href='security.xml'/>
  <xi:include href='proxy.xml'/>
  <xi:include href='protocol.xml'/>
  <xi:include href='mbeans.xml'/>
  <xi:include href='clients.xml'/>
  <xi:include href='jmx.xml'/>
  <xi:include href='tools.xml'/>

  <!-- <appendix id="appendix"> -->
  <!--   <title>Appendix</title> -->
  <!--   <xi:include href='sample.xml'/> -->
  <!--   <xi:include href='jmx4perl.xml'/> -->
  <!-- </appendix> -->
</book>
