<?xml version='1.0' encoding='UTF-8'?>
<!--
  ~ Copyright 2009 Red Hat, Inc.
  ~  Red Hat licenses this file to you under the Apache License, version
  ~  2.0 (the "License"); you may not use this file except in compliance
  ~  with the License.  You may obtain a copy of the License at
  ~     http://www.apache.org/licenses/LICENSE-2.0
  ~  Unless required by applicable law or agreed to in writing, software
  ~  distributed under the License is distributed on an "AS IS" BASIS,
  ~  WITHOUT WARRANTIES OR CONDITIONS OF ANY KIND, either express or
  ~  implied.  See the License for the specific language governing
  ~  permissions and limitations under the License.
  -->

<!DOCTYPE authorgroup PUBLIC "-//OASIS//DTD DocBook XML V4.5//EN" "http://www.oasis-open.org/docbook/xml/4.5/docbookx.dtd" [
<!ENTITY % BOOK_ENTITIES SYSTEM "HornetQ_EAP_Manual.ent">
%BOOK_ENTITIES;
]>
<authorgroup>
  <author>
    <firstname>Andy</firstname>
    <surname>Taylor</surname>
    <affiliation>
      <shortaffil>Red Hat, Inc.</shortaffil>
      <jobtitle>Core Developer</jobtitle>
      <orgdiv>JBoss</orgdiv>
    </affiliation>
    <email>ataylor@redhat.com</email>
  </author>
</authorgroup>
