<?xml version="1.0" encoding="UTF-8" standalone="no"?>
<!--
  ~ Copyright 2009-2013 Roland Huss
  ~
  ~ Licensed under the Apache License, Version 2.0 (the "License");
  ~ you may not use this file except in compliance with the License.
  ~ You may obtain a copy of the License at
  ~
  ~       http://www.apache.org/licenses/LICENSE-2.0
  ~
  ~ Unless required by applicable law or agreed to in writing, software
  ~ distributed under the License is distributed on an "AS IS" BASIS,
  ~ WITHOUT WARRANTIES OR CONDITIONS OF ANY KIND, either express or implied.
  ~ See the License for the specific language governing permissions and
  ~ limitations under the License.
  -->

<configuration>
  <jolokia>
    <version>${jolokia.version}</version>
    <dependencies>
      <dependency>
        <groupId>org.jolokia</groupId>
        <artifactId>jolokia-core</artifactId>
        <version>${jolokia.version}</version>
      </dependency>
    </dependencies>
    <snapshots-repositories>
      <!-- Snapshots are available from our labs repository -->
      <repository>
        <id>labs-consol-snapshot</id>
        <name>ConSol* Labs Repository (Snapshots)</name>
        <url>http://labs.consol.de/maven/snapshots-repository</url>
        <snapshots>
          <enabled>true</enabled>
        </snapshots>
        <releases>
          <enabled>false</enabled>
        </releases>
      </repository>
    </snapshots-repositories>
    <repositories>
      <!-- Jolokia is now available from Maven central, no extra repository required-->
    </repositories>
    <initParams>
      <init-param>
        <description>
          Debugging state after startup. Can be changed via
          the Config MBean during runtime
        </description>
        <param-name>debug</param-name>
        <param-value>false</param-value>
      </init-param>
      <init-param>
        <description>
          Entries to keep in the history. Can be changed during
          runtime via the config MBean
        </description>
        <param-name>historyMaxEntries</param-name>
        <param-value>10</param-value>
      </init-param>
      <init-param>
        <description>
          Maximum number of entries to keed in the local
          debug history if switched on. Can be change via
          the config MBean during runtime.
        </description>
        <param-name>debugMaxEntries</param-name>
        <param-value>100</param-value>
      </init-param>
      <init-param>
        <description>
          Maximum depth when traversing bean properties.
          If set to 0, depth checking is disabled
        </description>
        <param-name>maxDepth</param-name>
        <param-value>15</param-value>
      </init-param>
      <init-param>
        <description>
          Maximum size of collections returned when
          serializing to JSON. When set to 0, not
          collections are truncated.
        </description>
        <param-name>maxCollectionSize</param-name>
        <param-value>1000</param-value>
      </init-param>
      <init-param>
        <description>
          Maximum number of objects which is traversed
          when serializing a single response. Use this
          as airbag to avoid boosting your memory and
          network traffic. Nevertheless, when set to 0
          not limit is used.
        </description>
        <param-name>maxObjects</param-name>
        <param-value>0</param-value>
      </init-param>
    </initParams>
    <jsr160Proxy>
      <dependency>
        <groupId>org.jolokia</groupId>
        <artifactId>jolokia-jsr160</artifactId>
        <version>${jolokia.version}</version>
      </dependency>
      <init-param>
        <description>
          Class names (comma separated) of RequestDispatcher used in addition
          to the LocalRequestDispatcher
        </description>
        <param-name>dispatcherClasses</param-name>
        <param-value>org.jolokia.jsr160.Jsr160RequestDispatcher</param-value>
      </init-param>
    </jsr160Proxy>
  </jolokia>
</configuration>