<?xml version="1.0" standalone='yes'?>
<!-- This Ant build file fragment contains targets needed to build
     deploying artifacts to Maven repositories
  -->

<project name="Tasks for Maven deployment" basedir="."
  xmlns:artifact="antlib:org.apache.maven.artifact.ant"
>

  <typedef resource="org/apache/maven/artifact/ant/antlib.xml"
    uri="urn:maven-artifact-ant"
 >
    <classpath>
        <fileset dir="${dir.lib}/ant">
          <include name="maven-ant*.jar" />
        </fileset>
    </classpath>
  </typedef>

  <target name="maven.init">
    <!-- First regular release poms -->
    <artifact:pom id="pom.stax2" file="${dir.dist}/stax2-api-${STAX2_VERSION}.pom" />
    <artifact:pom id="pom.asl.core" file="${dir.dist}/woodstox-core-asl-${IMPL_VERSION}.pom" />
    <artifact:pom id="pom.lgpl.core" file="${dir.dist}/woodstox-core-lgpl-${IMPL_VERSION}.pom" />
    <!-- 25-Feb-2009, tatu: Ideally we would also add deps to MSV... -->

    <!-- And then snapshots (no separate ASL/LGPL)  -->
    <artifact:pom id="pom.snapshot.stax2" file="${dir.snapshot}/stax2-api-${STAX2_VERSION}-SNAPSHOT.pom" />
    <artifact:pom id="pom.snapshot.asl.core" file="${dir.snapshot}/woodstox-core-asl-${IMPL_VERSION}-SNAPSHOT.pom" />
    <artifact:pom id="pom.snapshot.lgpl.core" file="${dir.snapshot}/woodstox-core-lgpl-${IMPL_VERSION}-SNAPSHOT.pom" />

  </target>

  <target name="maven.repos" depends="maven.init">
    <!-- need user, password: -->
    <fail unless="user" message="Must define -Duser" />
    <fail unless="password" message="Must define -Dpassword" />

    <!-- uploads done using webdav, need to register -->
    <artifact:install-provider artifactId="wagon-webdav" version="1.0-beta-1" />

    <echo message="(authenticating as user '${user}')" />
    <artifact:remoteRepository id="repo.release"
      url="https://oss.sonatype.org/service/local/staging/deploy/maven2/"
    >
<!--
      url="dav:https://dav.codehaus.org/repository/woodstox"
      url="https://nexus.codehaus.org/service/local/staging/deploy/maven2/"
-->
      <authentication username="${user}" password="${password}" />
      <releases enabled="true"/> 
      <snapshots enabled="false"/> 
    </artifact:remoteRepository>

    <artifact:remoteRepository id="repo.snapshot"
      url="https://oss.sonatype.org/content/repositories/snapshots"
    >
<!--
      url="dav:https://dav.codehaus.org/snapshots.repository/woodstox"
      url="https://nexus.codehaus.org/content/repositories/snapshots/"
-->
      <authentication username="${user}" password="${password}" />
      <releases enabled="false"/> 
      <snapshots enabled="true"/> 
    </artifact:remoteRepository>
  </target>

  <!-- target for installing release versions locally -->
  <target name="maven.local.release" depends="maven.init">
    <artifact:install pomRefId="pom.asl.core"
     file="${dir.dist}/woodstox-core-asl-${IMPL_VERSION}.jar">
      <attach file="${dir.dist}/woodstox-core-asl-${IMPL_VERSION}-sources.jar" type="jar" classifier="sources" />
      <attach file="${dir.dist}/woodstox-core-asl-${IMPL_VERSION}-javadoc.jar" type="jar" classifier="javadoc" />
    </artifact:install>
    <artifact:install pomRefId="pom.lgpl.core"
     file="${dir.dist}/woodstox-core-lgpl-${IMPL_VERSION}.jar">
      <attach file="${dir.dist}/woodstox-core-lgpl-${IMPL_VERSION}-sources.jar" type="jar" classifier="sources" />
      <attach file="${dir.dist}/woodstox-core-lgpl-${IMPL_VERSION}-javadoc.jar" type="jar" classifier="javadoc" />
    </artifact:install>
    <artifact:install pomRefId="pom.stax2"
     file="${dir.dist}/stax2-api-${STAX2_VERSION}.jar">
      <attach file="${dir.dist}/stax2-api-${STAX2_VERSION}-sources.jar" type="jar" classifier="sources" />
      <attach file="${dir.dist}/stax2-api-${STAX2_VERSION}-javadoc.jar" type="jar" classifier="javadoc" />
    </artifact:install>
  </target>

  <!-- target for deploying SNAPSHOT versions in "real" Maven
     - repository
     -
     - about settings:
     -
     - + uniqueVersion=true, so we get proper (?) names
    -->
  <target name="maven.remote.snapshot" depends="maven.repos">

    <artifact:deploy pomRefId="pom.snapshot.asl.core"
     uniqueVersion="true"
     file="${dir.dist}/woodstox-core-asl-${IMPL_VERSION}.jar"
   >
      <remoteRepository refid="repo.snapshot" />
      <attach file="${dir.dist}/woodstox-core-asl-${IMPL_VERSION}-sources.jar" type="jar" classifier="sources" />
    </artifact:deploy>

    <artifact:deploy pomRefId="pom.snapshot.lgpl.core" uniqueVersion="true"
     file="${dir.dist}/woodstox-core-lgpl-${IMPL_VERSION}.jar"
    >
      <remoteRepository refid="repo.snapshot" />
      <attach file="${dir.dist}/woodstox-core-lgpl-${IMPL_VERSION}-sources.jar" type="jar" classifier="sources" />
    </artifact:deploy>

    <artifact:deploy pomRefId="pom.snapshot.stax2" uniqueVersion="true"
     file="${dir.dist}/stax2-api-${STAX2_VERSION}.jar"
    >
      <remoteRepository refid="repo.snapshot" />
      <attach file="${dir.dist}/stax2-api-${STAX2_VERSION}-sources.jar" type="jar" classifier="sources" />
    </artifact:deploy>
  </target>

  <!-- target for deploying release versions in "real" Maven
     -
     - about settings: "uniqueVersion" set to false, to support
     - possible redeployment
    -->
  <target name="maven.remote.release" depends="maven.repos">
    <artifact:deploy pomRefId="pom.asl.core" uniqueVersion="false"
     file="${dir.dist}/woodstox-core-asl-${IMPL_VERSION}.jar"
    >
      <remoteRepository refid="repo.release" />
      <attach file="${dir.dist}/woodstox-core-asl-${IMPL_VERSION}.jar.asc" type="jar.asc" />
      <attach file="${dir.dist}/woodstox-core-asl-${IMPL_VERSION}.pom.asc" type="pom.asc" />
      <attach file="${dir.dist}/woodstox-core-asl-${IMPL_VERSION}-sources.jar" type="jar" classifier="sources" />
      <attach file="${dir.dist}/woodstox-core-asl-${IMPL_VERSION}-sources.jar.asc" type="jar.asc" classifier="sources" />
      <attach file="${dir.dist}/woodstox-core-asl-${IMPL_VERSION}-javadoc.jar" type="jar" classifier="javadoc" />
      <attach file="${dir.dist}/woodstox-core-asl-${IMPL_VERSION}-javadoc.jar.asc" type="jar.asc" classifier="javadoc" />
    </artifact:deploy>

    <artifact:deploy pomRefId="pom.lgpl.core" uniqueVersion="false"
     file="${dir.dist}/woodstox-core-lgpl-${IMPL_VERSION}.jar"
    >
      <remoteRepository refid="repo.release" />
      <attach file="${dir.dist}/woodstox-core-lgpl-${IMPL_VERSION}.jar.asc" type="jar.asc" />
      <attach file="${dir.dist}/woodstox-core-lgpl-${IMPL_VERSION}.pom.asc" type="pom.asc" />
      <attach file="${dir.dist}/woodstox-core-lgpl-${IMPL_VERSION}-sources.jar" type="jar" classifier="sources" />
      <attach file="${dir.dist}/woodstox-core-lgpl-${IMPL_VERSION}-sources.jar.asc" type="jar.asc" classifier="sources" />
      <attach file="${dir.dist}/woodstox-core-lgpl-${IMPL_VERSION}-javadoc.jar" type="jar" classifier="javadoc" />
      <attach file="${dir.dist}/woodstox-core-lgpl-${IMPL_VERSION}-javadoc.jar.asc" type="jar.asc" classifier="javadoc" />
    </artifact:deploy>

    <artifact:deploy pomRefId="pom.stax2" uniqueVersion="false"
     file="${dir.dist}/stax2-api-${STAX2_VERSION}.jar"
    >
      <remoteRepository refid="repo.release" />
      <attach file="${dir.dist}/stax2-api-${STAX2_VERSION}.jar.asc" type="jar.asc" />
      <attach file="${dir.dist}/stax2-api-${STAX2_VERSION}.pom.asc" type="pom.asc" />
      <attach file="${dir.dist}/stax2-api-${STAX2_VERSION}-sources.jar" type="jar" classifier="sources" />
      <attach file="${dir.dist}/stax2-api-${STAX2_VERSION}-sources.jar.asc" type="jar.asc" classifier="sources" />
      <attach file="${dir.dist}/stax2-api-${STAX2_VERSION}-javadoc.jar" type="jar" classifier="javadoc" />
      <attach file="${dir.dist}/stax2-api-${STAX2_VERSION}-javadoc.jar.asc" type="jar.asc" classifier="javadoc" />
    </artifact:deploy>

  </target>

</project>
