<?xml version='1.0' encoding='UTF-8'?>
<!--
  ~ Copyright (c) 2008-2013, Hazelcast, Inc. All Rights Reserved.
  ~
  ~ Licensed under the Apache License, Version 2.0 (the "License");
  ~ you may not use this file except in compliance with the License.
  ~ You may obtain a copy of the License at
  ~
  ~ http://www.apache.org/licenses/LICENSE-2.0
  ~
  ~ Unless required by applicable law or agreed to in writing, software
  ~ distributed under the License is distributed on an "AS IS" BASIS,
  ~ WITHOUT WARRANTIES OR CONDITIONS OF ANY KIND, either express or implied.
  ~ See the License for the specific language governing permissions and
  ~ limitations under the License.
  -->

<sect1 xml:id="MC_Intro" version="5.0" xmlns="http://docbook.org/ns/docbook"
       xmlns:xi="http://www.w3.org/2001/XInclude"
       xmlns:xlink="http://www.w3.org/1999/xlink"
       xmlns:xsi="http://www.w3.org/2001/XMLSchema-instance"
       xsi:schemaLocation="http://docbook.org/ns/docbook http://www.docbook.org/xml/5.0/xsd/docbook.xsd
       http://www.w3.org/1999/xlink http://www.w3.org/1999/xlink.xsd">
    <title>Introduction</title>
    <para>
        Hazelcast Management Center enables you to monitor and manage your servers running hazelcast.
        With Management Center, in addition to monitoring overall state of your clusters, you can also analyze
        and browse your data structures in details.
        You can also update map configurations and take thread dump from nodes.
        With its scripting module, you can run scritps (JavaScript, Groovy etc.) on your servers.
        Version 2.0 is a web based tool so you can deploy it into your internal server and serve your users.
    </para>
    <sect2 xml:id="MC_Installation" version="5.0" xmlns="http://docbook.org/ns/docbook">
        <title>Installation</title>
        <para>
            It is important to understand how it actually works. Basically you will deploy
            <literal>mancenter-_version_.war</literal>
            application into your Java web server and then tell
            Hazelcast nodes to talk to that web application. That means, your Hazelcast nodes should know the
            URL of
            <literal>mancenter</literal>
            application before they start.
        </para>
        <para>Here are the steps:</para>
        <itemizedlist>
            <listitem>
                <para>Download the latest Hazelcast zip from
                    <link xlink:href="http://www.hazelcast.com/downloads.jsp">hazelcast.com</link>
                </para>
            </listitem>

            <listitem>
                <para>
                    Zip contains
                    <literal>mancenter-_version_.war</literal>
                    file. Deploy it to your web server (Tomcat, Jetty etc.)
                    Let's say it is running at <literal>http://localhost:8080/mancenter-_version_</literal>.
                </para>
            </listitem>

            <listitem>
                <para>Start your web server and make sure
                    <literal>http://localhost:8080/mancenter-_version_</literal>
                    is up.
                </para>
            </listitem>

            <listitem>
                <para>Configure your Hazelcast nodes by adding the URL of your web app to your <literal>
                    hazelcast.xml</literal>.
                    Hazelcast nodes will send their states to this URL.
                    <programlisting language="xml"><![CDATA[
<management-center enabled="true">http://localhost:8080/mancenter-_version_</management-center>]]></programlisting>
                </para>
            </listitem>

            <listitem>
                <para>Start your hazelcast cluster.
                </para>
            </listitem>

            <listitem>
                <para>Browse to
                    <literal>http://localhost:8080/mancenter-_version_</literal>
                    and login.
                    <emphasis role="bold">
                        Initial login username/passwords is
                        <literal>admin/admin</literal>
                    </emphasis>
                </para>
            </listitem>
        </itemizedlist>
        <para>
        <emphasis>Management Center creates a directory with name "mancenter" under your "user/home" directory to save data files.
                You can change the data directory setting "hazelcast.mancenter.home" system property.
        </emphasis>
        </para>
    </sect2>

    <sect2 xml:id="MC_UserAdministration" version="5.0" xmlns="http://docbook.org/ns/docbook"
            >
        <title>User Administration</title>
        <para>Default credentials are for the admin user. In the
            <literal>Administration</literal>
            tab,
            Admin can add/remove/update users and control user read/write permissions.
        </para>
        <para>
            <inlinemediaobject>
                <imageobject>
                    <imagedata width="70%" fileref="images/admin.jpg"/>
                </imageobject>
            </inlinemediaobject>
        </para>

    </sect2>


    <sect2 xml:id="MC_ToolOverview" version="5.0" xmlns="http://docbook.org/ns/docbook">
        <title>Tool Overview</title>
        <para>The starter page of the tool is <literal>Cluster Home</literal>. Here you can see cluster's main properties
            such as uptime,
            memory. Also with pie chart, you can see the distribution of partitions over cluster members. You can come
            back to this page, by clicking the
            <literal>Home</literal>
            icon on the top-right toolbar.
            On the left panel you see the Map/Queue/Topic instances in the cluster. At the bottom-left corner, members
            of the cluster are listed.
            On top menu bar, you can change the current tab to <literal>Scripting, Docs</literal>,
            user<literal>Administration</literal>. Note that Administration tab is viewable only for admin users.
            Also
            <literal>Scripting</literal>
            page is disabled for users with read-only credential.
        </para>
        <para>
            <inlinemediaobject>
                <imageobject>
                    <imagedata width="70%" fileref="images/clusterhome.jpg"/>
                </imageobject>
            </inlinemediaobject>
        </para>
    </sect2>

</sect1>
