<?xml version='1.0' encoding='UTF-8'?>
<!--
  ~ Copyright (c) 2008-2013, Hazelcast, Inc. All Rights Reserved.
  ~
  ~ Licensed under the Apache License, Version 2.0 (the "License");
  ~ you may not use this file except in compliance with the License.
  ~ You may obtain a copy of the License at
  ~
  ~ http://www.apache.org/licenses/LICENSE-2.0
  ~
  ~ Unless required by applicable law or agreed to in writing, software
  ~ distributed under the License is distributed on an "AS IS" BASIS,
  ~ WITHOUT WARRANTIES OR CONDITIONS OF ANY KIND, either express or implied.
  ~ See the License for the specific language governing permissions and
  ~ limitations under the License.
  -->

<sect1 xml:id="MC_Members" version="5.0" xmlns="http://docbook.org/ns/docbook"
       xmlns:xi="http://www.w3.org/2001/XInclude"
       xmlns:xlink="http://www.w3.org/1999/xlink"
       xmlns:xsi="http://www.w3.org/2001/XMLSchema-instance"
       xsi:schemaLocation="http://docbook.org/ns/docbook http://www.docbook.org/xml/5.0/xsd/docbook.xsd
       http://www.w3.org/1999/xlink http://www.w3.org/1999/xlink.xsd">
    <title>Members</title>
    <para>
        The current members in the cluster are listed on the bottom side of the left panel. You can monitor each member
        on tab page displayed by clicking on member items.
    </para>
    <para>
        <inlinemediaobject>
            <imageobject>
                <imagedata width="70%" fileref="images/member.jpg"/>
            </imageobject>
        </inlinemediaobject>
    </para>
    <sect2 xml:id="MC_MemberMonitoring" version="5.0" xmlns="http://docbook.org/ns/docbook"
            >
        <title>Monitoring</title>

        <para>
            In members page there are 4 inner tab pages to monitor member's state and properties.
            Runtime: Runtime properties about memory, threads are given. This data updates dynamically.
            Properties: System properties are displayed.
            Configuration: Configuration xml initially set can be viewed here.
            Partitions: The partitions belongs to this member are listed.
        </para>

        <para>
            <inlinemediaobject>
                <imageobject>
                    <imagedata width="70%" fileref="images/memberconf.jpg"/>
                </imageobject>
            </inlinemediaobject>
        </para>
    </sect2>

    <sect2 xml:id="MC_MemberOperations" version="5.0" xmlns="http://docbook.org/ns/docbook"
            >
        <title>Operations</title>

        <para>
            Besides monitoring you can perform certain actions on members.
            You can take thread dump of the member and you can perform garbage collection on the selected member.
        </para>
        <para>
            <inlinemediaobject>
                <imageobject>
                    <imagedata width="70%" fileref="images/mapoperations.jpg"/>
                </imageobject>
            </inlinemediaobject>
        </para>
    </sect2>

</sect1>
