<?xml version='1.0' encoding='UTF-8'?>
<!--
  ~ Copyright (c) 2008-2013, Hazelcast, Inc. All Rights Reserved.
  ~
  ~ Licensed under the Apache License, Version 2.0 (the "License");
  ~ you may not use this file except in compliance with the License.
  ~ You may obtain a copy of the License at
  ~
  ~ http://www.apache.org/licenses/LICENSE-2.0
  ~
  ~ Unless required by applicable law or agreed to in writing, software
  ~ distributed under the License is distributed on an "AS IS" BASIS,
  ~ WITHOUT WARRANTIES OR CONDITIONS OF ANY KIND, either express or implied.
  ~ See the License for the specific language governing permissions and
  ~ limitations under the License.
  -->

<sect1 xml:id="MC_Maps" version="5.0" xmlns="http://docbook.org/ns/docbook"
       xmlns:xi="http://www.w3.org/2001/XInclude"
       xmlns:xlink="http://www.w3.org/1999/xlink"
       xmlns:xsi="http://www.w3.org/2001/XMLSchema-instance"
       xsi:schemaLocation="http://docbook.org/ns/docbook http://www.docbook.org/xml/5.0/xsd/docbook.xsd
       http://www.w3.org/1999/xlink http://www.w3.org/1999/xlink.xsd">
    <title>Maps</title>
    <para>
        Map instances are listed on the left panel. When you click on a map, a new tab for monitoring this map instance
        is opened on the right.
        In this tab, you can monitor metrics also re-configure the map.
    </para>
    <para>
        <inlinemediaobject>
            <imageobject>
                <imagedata width="70%" fileref="images/maphome.jpg"/>
            </imageobject>
        </inlinemediaobject>
    </para>
    <sect2 xml:id="MC_MapMonitoring" version="5.0" xmlns="http://docbook.org/ns/docbook"
            >
        <title>Monitoring Maps</title>

        <para>
            In map page you can monitor instance metrics by 2 charts and 2 datatables. First data table "Memory Data
            Table" gives the memory metrics distributed over members. "Throughput Data Table" gives information about
            the operations performed on instance (get, put, remove)
            Each chart monitors a type data of the instance on cluster. You can change the type by clicking on chart.
            The possible ones are: Size, Throughput, Memory, Backup Size, Backup Memory, Hits, Locked Entries, Puts,
            Gets, Removes...
        </para>
        <para>
            <inlinemediaobject>
                <imageobject>
                    <imagedata width="70%" fileref="images/mapchart.jpg"/>
                </imageobject>
            </inlinemediaobject>
        </para>
    </sect2>

    <sect2 xml:id="MC_MapBrowser" version="5.0" xmlns="http://docbook.org/ns/docbook"
            >
        <title>Map Browser</title>

        <para>
            You can open "Map Browser" tool by clicking "Browse" button on map tab page. Using map browser, you can
            reach map's entries by keys. Besides its value, extra informations such as entry's cost, expiration time is
            provided.
        </para>
        <para>
            <link xlink:href="images/mapbrowse.jpg">
                <inlinemediaobject>
                    <imageobject>
                        <imagedata width="70%" fileref="images/mapbrowse.jpg"/>
                    </imageobject>
                </inlinemediaobject>
            </link>
        </para>
    </sect2>


    <sect2 xml:id="MC_MapConfiguration" version="5.0" xmlns="http://docbook.org/ns/docbook"
            >
        <title>Map Configuration</title>

        <para>
            You can open "Map Configuration" tool by clicking "Config" button on map tab page. This button is disabled
            for users with Read-Only permission. Using map config tool you can adjust map's setting. You can change
            backup count, max size, max idle(seconds), eviction policy, cache value, read backup data, backup count of
            the map.
        </para>
        <para>
            <inlinemediaobject>
                <imageobject>
                    <imagedata width="70%" fileref="images/mapconfig.jpg"/>
                </imageobject>
            </inlinemediaobject>
        </para>
    </sect2>


</sect1>
