<?xml version='1.0' encoding='UTF-8'?>
<!--
  ~ Copyright (c) 2008-2013, Hazelcast, Inc. All Rights Reserved.
  ~
  ~ Licensed under the Apache License, Version 2.0 (the "License");
  ~ you may not use this file except in compliance with the License.
  ~ You may obtain a copy of the License at
  ~
  ~ http://www.apache.org/licenses/LICENSE-2.0
  ~
  ~ Unless required by applicable law or agreed to in writing, software
  ~ distributed under the License is distributed on an "AS IS" BASIS,
  ~ WITHOUT WARRANTIES OR CONDITIONS OF ANY KIND, either express or implied.
  ~ See the License for the specific language governing permissions and
  ~ limitations under the License.
  -->

<sect1 xml:id="MC_Queues" version="5.0" xmlns="http://docbook.org/ns/docbook"
       xmlns:xi="http://www.w3.org/2001/XInclude"
       xmlns:xlink="http://www.w3.org/1999/xlink"
       xmlns:xsi="http://www.w3.org/2001/XMLSchema-instance"
       xsi:schemaLocation="http://docbook.org/ns/docbook http://www.docbook.org/xml/5.0/xsd/docbook.xsd
       http://www.w3.org/1999/xlink http://www.w3.org/1999/xlink.xsd">
    <title>Queues</title>
    <para>
        Queues is the second data structure that you can monitor in management center. You can activate the Queue Tab by
        clicking the instance name listed on the left panel under queues part. The queue page consists of the charts
        monitoring data about the queue. You can change the data to be monitored by clicking on the chart. Available
        options are Size, Polls, Offers.
    </para>
    <para>
        <inlinemediaobject>
            <imageobject>
                <imagedata width="70%" fileref="images/queue.jpg"/>
            </imageobject>
        </inlinemediaobject>
    </para>
</sect1>
