<configuration xmlns="urn:hornetq"
            xmlns:xsi="http://www.w3.org/2001/XMLSchema-instance"
            xsi:schemaLocation="urn:hornetq /schema/hornetq-configuration.xsd">
   <clustered>true</clustered>

   <!-- Connectors -->

   <connectors>
      <connector name="netty-connector">
         <factory-class>org.hornetq.core.remoting.impl.netty.NettyConnectorFactory</factory-class>
         <param key="port" value="5445"/>
      </connector>
   </connectors>
   
   <!-- Acceptors -->
   <acceptors>
      <acceptor name="netty-acceptor">
         <factory-class>org.hornetq.core.remoting.impl.netty.NettyAcceptorFactory</factory-class>
         <param key="port" value="5445"/>
      </acceptor>
   </acceptors>
   
   <!-- Clustering configuration -->

   <broadcast-groups>
      <broadcast-group name="my-broadcast-group">
         <group-address>231.7.7.7</group-address>
         <group-port>9876</group-port>
         <broadcast-period>100</broadcast-period>
         <connector-ref>netty-connector</connector-ref>
      </broadcast-group>
   </broadcast-groups>
   
   <discovery-groups>
      <discovery-group name="my-discovery-group">
         <group-address>231.7.7.7</group-address>
         <group-port>9876</group-port>
         <refresh-timeout>10000</refresh-timeout>
      </discovery-group>
   </discovery-groups>

   <cluster-connections>
      <cluster-connection name="my-cluster">
	  <address>jms</address>
          <connector-ref>netty-connector</connector-ref>
          <max-hops>0</max-hops>
	  <discovery-group-ref discovery-group-name="my-discovery-group"/>
      </cluster-connection>
   </cluster-connections>
   
   <!-- Other config -->

   <security-settings>
      <!--security for example queue-->
      <security-setting match="jms.queue.exampleQueue">
         <permission type="createDurableQueue" roles="guest"/>
         <permission type="deleteDurableQueue" roles="guest"/>
         <permission type="createNonDurableQueue" roles="guest"/>
         <permission type="deleteNonDurableQueue" roles="guest"/>
         <permission type="consume" roles="guest"/>
         <permission type="send" roles="guest"/>
      </security-setting>
   </security-settings>
   
</configuration>
