<?xml version="1.0" encoding="utf-8"?>
<!--
  ~ Copyright 2009-2013 Roland Huss
  ~
  ~ Licensed under the Apache License, Version 2.0 (the "License");
  ~ you may not use this file except in compliance with the License.
  ~ You may obtain a copy of the License at
  ~
  ~       http://www.apache.org/licenses/LICENSE-2.0
  ~
  ~ Unless required by applicable law or agreed to in writing, software
  ~ distributed under the License is distributed on an "AS IS" BASIS,
  ~ WITHOUT WARRANTIES OR CONDITIONS OF ANY KIND, either express or implied.
  ~ See the License for the specific language governing permissions and
  ~ limitations under the License.
  -->

<project name="Jolokia">
  <publishDate position="bottom"/>
  <version position="bottom"/>

  <skin> 
    <groupId>org.jolokia</groupId> 
    <artifactId>jolokia-site-skin</artifactId>
    <version>1.1.1-SNAPSHOT</version>
  </skin>  
  
  <bannerLeft>
    <name>Jolokia</name>
    <src>images/header.png</src>
    <href>http://www.jolokia.org</href>
  </bannerLeft>
  
  <body>
    <links>
      <item name="Home" href="index.html"/>
      <item name="Download" href="download.html"/>
      <item name="Features" href="features-nb.html"/>
      <item name="Documentation" href="documentation.html"/>
      <item name="Support" href="support.html"/>
      <item name="Blog" href="http://labs.consol.de/tags/jolokia"/>
      <item name="About" href="http://www.jolokia.org/about.html"/>
    </links>

    <menu name="Jolokia" inherit="top">
      <item name="Download" href="download.html"/>
      <item name="Features" href="features-nb.html"/>
      <item name="Support" href="support.html"/>
      <item name="Forum" href="forum.html"/>
      <item name="IRC" href="irc.html"/>
      <item name="License" href="license.html"/>
    </menu>

    <menu name="Documentation" inherit="top">
      <item name="Overview" href="documentation.html"/>
      <item name="Tutorial" href="tutorial.html"/>
      <item name="Reference Manual" href="reference/html/index.html"/>
      <item name="Talks and Screencasts" href="talks.html"/>
    </menu>

    <menu name="Agents" inherit="top">
      <item name="Overview" href="agent.html"/>
      <item name="Web Archive (war)" href="agent/war.html"/>
      <item name="Osgi" href="agent/osgi.html"/>
      <item name="JVM" href="agent/jvm.html"/>
      <item name="Mule" href="agent/mule.html"/>
    </menu>

    <menu name="Clients" inherit="top">
      <item name="Java" href="client/java.html"/>
      <item name="Javascript" href="client/javascript.html"/>
      <item name="Perl" href="client/perl.html"/>
    </menu>
    <menu name="Modules" inherit="top">
      <item name="Core" href="jolokia-agent-parent/jolokia-core/index.html"/>
      <item name="JSR-160 Proxy" href="jolokia-agent-parent/jolokia-jsr160/index.html"/>
      <item name="War" href="jolokia-agent-parent/jolokia-war/index.html"/>
      <item name="Mule" href="jolokia-agent-parent/jolokia-mule/index.html"/>
      <item name="Osgi" href="jolokia-agent-parent/jolokia-osgi/index.html"/>
      <item name="Osgi-Bundle" href="jolokia-agent-parent/jolokia-osgi-bundle/index.html"/>
      <item name="JVM Agent" href="jolokia-agent-parent/jolokia-jvm/index.html"/>
      <item name="Java Client" href="jolokia-client-parent/jolokia-client-java/index.html"/>
      <item name="Javascript Client" href="jolokia-client-parent/jolokia-client-javascript/index.html"/>
      <item name="Integration Tests" href="jolokia-it-parent/jolokia-it-core/index.html"/>
    </menu>
    <menu ref="reports" inherit="bottom"/>
  </body>  
</project>
