<?xml version='1.0' encoding='UTF-8'?>
<!--
  ~ Copyright (c) 2008-2013, Hazelcast, Inc. All Rights Reserved.
  ~
  ~ Licensed under the Apache License, Version 2.0 (the "License");
  ~ you may not use this file except in compliance with the License.
  ~ You may obtain a copy of the License at
  ~
  ~ http://www.apache.org/licenses/LICENSE-2.0
  ~
  ~ Unless required by applicable law or agreed to in writing, software
  ~ distributed under the License is distributed on an "AS IS" BASIS,
  ~ WITHOUT WARRANTIES OR CONDITIONS OF ANY KIND, either express or implied.
  ~ See the License for the specific language governing permissions and
  ~ limitations under the License.
  -->

<sect2 xml:id="ConfigTcpIp" version='5.0' xmlns='http://docbook.org/ns/docbook'
       xmlns:xi="http://www.w3.org/2001/XInclude"
       xmlns:xlink="http://www.w3.org/1999/xlink"
       xmlns:xsi="http://www.w3.org/2001/XMLSchema-instance"
       xsi:schemaLocation="http://docbook.org/ns/docbook http://www.docbook.org/xml/5.0/xsd/docbook.xsd
       http://www.w3.org/1999/xlink http://www.w3.org/1999/xlink.xsd">
    <title>Configuring TCP/IP Cluster</title>
    <para>If multicast is not preferred way of discovery for your environment, then you can configure Hazelcast for full
        TCP/IP cluster. As configuration below shows, while
        <literal>enable</literal>
        attribute of
        <literal>multicast</literal>
        is set to false,
        <literal>tcp-ip</literal>
        has to be set to true. For the none-multicast option, all or subset of cluster members' hostnames and/or ip
        addresses must be listed. Note that all of the cluster members don't have to be listed there but at least one of
        them has to be active in cluster when a new member joins. The tcp-ip tag accepts an attribute called
        "connection-timeout-seconds".
        The default value is 5. Increasing this value is recommended if you have many IP's listed and members
        can not properly build up the cluster.

        <programlisting language="xml"><![CDATA[<hazelcast>
    ...
    <network>
        <port auto-increment="true">5701</port>
        <join>
            <multicast enabled="false">
                <multicast-group>224.2.2.3</multicast-group>
                <multicast-port>54327</multicast-port>
            </multicast>
            <tcp-ip enabled="true">
                <member>machine1</member>
                <member>machine2</member>
                <member>machine3:5799</member>
                <member>192.168.1.0-7</member>
                <member>192.168.1.21</member>
            </tcp-ip>
        </join>
        ...
    </network>
    ...
</hazelcast>
]]></programlisting>

    </para>
</sect2>
