<?xml version='1.0' encoding='UTF-8'?>
<!--
  ~ Copyright (c) 2008-2013, Hazelcast, Inc. All Rights Reserved.
  ~
  ~ Licensed under the Apache License, Version 2.0 (the "License");
  ~ you may not use this file except in compliance with the License.
  ~ You may obtain a copy of the License at
  ~
  ~ http://www.apache.org/licenses/LICENSE-2.0
  ~
  ~ Unless required by applicable law or agreed to in writing, software
  ~ distributed under the License is distributed on an "AS IS" BASIS,
  ~ WITHOUT WARRANTIES OR CONDITIONS OF ANY KIND, either express or implied.
  ~ See the License for the specific language governing permissions and
  ~ limitations under the License.
  -->

<sect2 xml:id="NetworkPartitioning" version='5.0' xmlns='http://docbook.org/ns/docbook'
       xmlns:xi="http://www.w3.org/2001/XInclude"
       xmlns:xlink="http://www.w3.org/1999/xlink"
       xmlns:xsi="http://www.w3.org/2001/XMLSchema-instance"
       xsi:schemaLocation="http://docbook.org/ns/docbook http://www.docbook.org/xml/5.0/xsd/docbook.xsd
       http://www.w3.org/1999/xlink http://www.w3.org/1999/xlink.xsd">
    <title>Network Partitioning (Split-Brain Syndrome)</title>
    <para>Imagine that you have 10-node cluster and for some reason the network is divided into two
        in a way that 4 servers cannot see the other 6. As a result you ended up having two separate
        clusters; 4-node cluster and 6-node cluster. Members in each sub-cluster are thinking that
        the other nodes are dead even though they are not. This situation is called Network
        Partitioning (aka Split-Brain Syndrome).
    </para>
    <para>Since it is a network failure, there is no way to avoid it programatically and your
        application will run as two separate independent clusters but we should be able to answer the
        following questions: "What will happen after the network failure is fixed and connectivity
        is restored between these two clusters? Will these two clusters merge into one again? If
        they do, how are the data conflicts resolved, because you might end up having two different
        values for the same key in the same map?"
    </para>
    <para>Here is how Hazelcast deals with it:
        <orderedlist>
            <listitem>
                <para>The oldest member of the cluster checks if there is another cluster with the
                    same group-name and group-password in the network.
                </para>
            </listitem>
            <listitem>
                <para>If the oldest member founds such cluster, then figures out which cluster
                    should merge to the other.
                </para>
            </listitem>
            <listitem>
                <para>Each member of the merging cluster will do the following:</para>
                <itemizedlist>
                    <listitem>
                        <para>pause
                        </para>
                    </listitem>
                    <listitem>
                        <para>take locally owned map entries</para>
                    </listitem>
                    <listitem>
                        <para>close all its network connections (detach from its cluster)</para>
                    </listitem>
                    <listitem>
                        <para>join to the new cluster</para>
                    </listitem>
                    <listitem>
                        <para>send merge request for each its locally owned map entry</para>
                    </listitem>
                    <listitem>
                        <para>resume
                        </para>
                    </listitem>
                </itemizedlist>
            </listitem>
        </orderedlist>
        So each member of the merging cluster is actually rejoining to the new
        cluster and sending merge request for each its locally owned map entry.
    </para>
    <para>
        <emphasis role="bold">
            <emphasis role="italic">Q: Which cluster will merge into the
                other?
            </emphasis>
        </emphasis>
    </para>
    <para>A. Smaller cluster will merge into the bigger one. If they have equal number of members
        then a hashing algorithm determines the merging cluster.
    </para>
    <para>
        <emphasis role="italic">
            <emphasis role="bold">Q. Each cluster may have different versions
                of the same key in the same map. How is the conflict
                resolved?
            </emphasis>
        </emphasis>
    </para>
    <para>A. Destination cluster will decide how to handle merging entry based on the
        <literal>MergePolicy</literal>
        set for that map. There are built-in merge policies such
        as
        <literal>PassThroughMergePolicy, PutIfAbsentMapMergePolicy, HigherHitsMapMergePolicy and LatestUpdateMapMergePolicy</literal>
        but you can develop
        your own merge policy by implementing <literal>com.hazelcast.map.merge.MapMergePolicy</literal>. You
        should set the full class name of your implementation to the merge-policy configuration.
        <programlisting language="java"><![CDATA[
public interface MergePolicy {
    /**
    * Returns the value of the entry after the merge
    * of entries with the same key. Returning value can be
    * You should consider the case where existingEntry is null.
    *
    * @param mapName       name of the map
    * @param mergingEntry  entry merging into the destination cluster
    * @param existingEntry existing entry in the destination cluster
    * @return final value of the entry. If returns null then entry will be removed.
    */
    Object merge(String mapName, EntryView mergingEntry, EntryView existingEntry);
}]]></programlisting>
     </para>

     <para>
        Here is how merge policies are specified per map.
        <programlisting language="xml"><![CDATA[
<hazelcast>
    ...
    <map name="default">
        <backup-count>1</backup-count>
        <eviction-policy>NONE</eviction-policy>
        <max-size>0</max-size>
        <eviction-percentage>25</eviction-percentage>
        <!--
            While recovering from split-brain (network partitioning),
            map entries in the small cluster will merge into the bigger cluster
            based on the policy set here. When an entry merge into the
            cluster, there might an existing entry with the same key already.
            Values of these entries might be different for that same key.
            Which value should be set for the key? Conflict is resolved by
            the policy set here. Default policy is hz.ADD_NEW_ENTRY

            There are built-in merge policies such as
            There are built-in merge policies such as
            com.hazelcast.map.merge.PassThroughMergePolicy; entry will be added if there is no existing entry for the key.
            com.hazelcast.map.merge.PutIfAbsentMapMergePolicy ; entry will be added if the merging entry doesn't exist in the cluster.
            com.hazelcast.map.merge.HigherHitsMapMergePolicy ; entry with the higher hits wins.
            com.hazelcast.map.merge.LatestUpdateMapMergePolicy ; entry with the latest update wins.
        -->
        <merge-policy>MY_MERGE_POLICY_CLASS</merge-policy>
    </map>

    ...
</hazelcast>
]]></programlisting>
    </para>
</sect2>
