<?xml version='1.0' encoding='UTF-8'?>

<!--
  ~ Copyright (c) 2008-2013, Hazelcast, Inc. All Rights Reserved.
  ~
  ~ Licensed under the Apache License, Version 2.0 (the "License");
  ~ you may not use this file except in compliance with the License.
  ~ You may obtain a copy of the License at
  ~
  ~ http://www.apache.org/licenses/LICENSE-2.0
  ~
  ~ Unless required by applicable law or agreed to in writing, software
  ~ distributed under the License is distributed on an "AS IS" BASIS,
  ~ WITHOUT WARRANTIES OR CONDITIONS OF ANY KIND, either express or implied.
  ~ See the License for the specific language governing permissions and
  ~ limitations under the License.
  -->

<sect2 xml:id="OutboundPorts" version='5.0' xmlns='http://docbook.org/ns/docbook'
       xmlns:xlink="http://www.w3.org/1999/xlink"
       xmlns:xsi="http://www.w3.org/2001/XMLSchema-instance"
       xsi:schemaLocation="http://docbook.org/ns/docbook http://www.docbook.org/xml/5.0/xsd/docbook.xsd
       http://www.w3.org/1999/xlink http://www.w3.org/1999/xlink.xsd">
    <title>Restricting Outbound Ports</title>
    <para>
    By default Hazelcast lets the system to pick up an ephemeral port during socket bind operation.
    But security policies/firewalls may require to restrict outbound ports to be used by Hazelcast enabled applications.
    To fulfill this requirement, you can configure Hazelcast to use only defined outbound ports.

    <programlisting language="xml"><![CDATA[<hazelcast>
    ...
    <network>
        <port auto-increment="true">5701</port>
        <outbound-ports>
            <ports>33000-35000</ports>   <!-- ports between 33000 and 35000 -->
            <ports>37000,37001,37002,37003</ports> <!-- comma separated ports -->
            <ports>38000,38500-38600</ports>
        </outbound-ports>
        ...
    </network>
    ...
</hazelcast>
]]></programlisting>


    <programlisting language="java"><![CDATA[
    ...

    NetworkConfig networkConfig = config.getNetworkConfig();
    networkConfig.addOutboundPortDefinition("35000-35100");         // ports between 35000 and 35100
    networkConfig.addOutboundPortDefinition("36001, 36002, 36003"); // comma separated ports
    networkConfig.addOutboundPort(37000);
    networkConfig.addOutboundPort(37001);
    ...
]]></programlisting>

    <emphasis role="italic">* You can use port ranges and/or comma separated ports.</emphasis>
    </para>
</sect2>
