<?xml version="1.0" encoding="UTF-8"?>
<!DOCTYPE module PUBLIC "-//Puppy Crawl//DTD Check Configuration 1.3//EN" "http://www.puppycrawl.com/dtds/configuration_1_3.dtd">

<!--
    This configuration file was written by the eclipse-cs plugin configuration editor
-->
<!--
    Checkstyle-Configuration: Micronode Checks
    Description: none
-->
<module name="Checker">
  <property name="severity" value="warning"/>
  <module name="TreeWalker">
    <module name="JavadocMethod">
      <property name="scope" value="protected"/>
      <property name="suppressLoadErrors" value="true"/>
    </module>
    <module name="JavadocType">
      <property name="scope" value="protected"/>
    </module>
    <module name="JavadocStyle"/>
    <module name="ConstantName">
      <property name="severity" value="error"/>
    </module>
    <module name="LocalFinalVariableName"/>
    <module name="LocalVariableName"/>
    <module name="MemberName"/>
    <module name="MethodName">
      <property name="severity" value="error"/>
    </module>
    <module name="PackageName">
      <property name="severity" value="error"/>
    </module>
    <module name="ParameterName"/>
    <module name="StaticVariableName"/>
    <module name="TypeName">
      <property name="severity" value="error"/>
    </module>
    <module name="AvoidStarImport"/>
    <module name="IllegalImport">
      <property name="severity" value="error"/>
    </module>
    <module name="RedundantImport">
      <property name="severity" value="error"/>
    </module>
    <module name="UnusedImports">
      <property name="severity" value="error"/>
    </module>
    <module name="LineLength">
      <property name="severity" value="error"/>
      <property name="max" value="120"/>
    </module>
    <module name="MethodLength"/>
    <module name="ParameterNumber">
      <property name="severity" value="error"/>
    </module>
    <module name="EmptyForIteratorPad"/>
    <module name="MethodParamPad"/>
    <module name="NoWhitespaceAfter"/>
    <module name="NoWhitespaceBefore"/>
    <module name="OperatorWrap"/>
    <module name="ParenPad"/>
    <module name="TypecastParenPad"/>
    <module name="WhitespaceAfter"/>
    <module name="WhitespaceAround">
      <property name="tokens" value="ASSIGN,BAND,BAND_ASSIGN,BOR,BOR_ASSIGN,BSR,BSR_ASSIGN,BXOR,BXOR_ASSIGN,COLON,DIV,DIV_ASSIGN,EQUAL,GE,GT,LAND,LCURLY,LE,LITERAL_ASSERT,LITERAL_CATCH,LITERAL_DO,LITERAL_ELSE,LITERAL_FINALLY,LITERAL_FOR,LITERAL_IF,LITERAL_RETURN,LITERAL_SYNCHRONIZED,LITERAL_TRY,LITERAL_WHILE,LOR,LT,MINUS,MINUS_ASSIGN,MOD,MOD_ASSIGN,NOT_EQUAL,PLUS,PLUS_ASSIGN,QUESTION,RCURLY,SL,SLIST,SL_ASSIGN,SR,SR_ASSIGN,STAR,STAR_ASSIGN,LITERAL_ASSERT,TYPE_EXTENSION_AND"/>
    </module>
    <module name="ModifierOrder">
      <property name="severity" value="error"/>
    </module>
    <module name="RedundantModifier">
      <property name="severity" value="error"/>
    </module>
    <module name="AvoidNestedBlocks"/>
    <module name="EmptyBlock">
      <property name="severity" value="error"/>
    </module>
    <module name="LeftCurly"/>
    <module name="NeedBraces">
      <property name="severity" value="error"/>
    </module>
<!--
    <module name="RightCurly"/>
-->
    <module name="AvoidInlineConditionals"/>
<!-- 
    <module name="DoubleCheckedLocking"/>
 -->
    <module name="EmptyStatement">
      <property name="severity" value="error"/>
    </module>
    <module name="EqualsHashCode">
      <property name="severity" value="error"/>
    </module>
    <module name="HiddenField"/>
    <module name="IllegalInstantiation">
      <property name="severity" value="error"/>
    </module>
    <module name="InnerAssignment">
      <property name="severity" value="error"/>
    </module>
    <module name="MagicNumber">
      <property name="severity" value="error"/>
    </module>
    <module name="MissingSwitchDefault"/>
    <module name="RedundantThrows">
      <property name="severity" value="error"/>
      <property name="suppressLoadErrors" value="true"/>
    </module>
    <module name="SimplifyBooleanExpression">
      <property name="severity" value="error"/>
    </module>
    <module name="SimplifyBooleanReturn">
      <property name="severity" value="error"/>
    </module>
    <module name="DesignForExtension"/>
    <module name="FinalClass"/>
    <module name="HideUtilityClassConstructor"/>
    <module name="InterfaceIsType"/>
    <module name="VisibilityModifier"/>
    <module name="ArrayTypeStyle"/>
    <module name="FinalParameters">
      <property name="tokens" value="CTOR_DEF"/>
    </module>
    <module name="Regexp">
      <property name="severity" value="ignore"/>
      <property name="format" value="\s+$"/>
      <property name="message" value="Line has trailing spaces."/>
      <metadata name="com.atlassw.tools.eclipse.checkstyle.lastEnabledSeverity" value="info"/>
      <metadata name="net.sf.eclipsecs.core.lastEnabledSeverity" value="inherit"/>
    </module>
    <module name="TodoComment"/>
    <module name="UpperEll"/>
    <module name="JavadocVariable">
      <property name="scope" value="protected"/>
    </module>
    <module name="FinalLocalVariable">
      <property name="severity" value="error"/>
    </module>
    <module name="IllegalCatch">
      <property name="severity" value="error"/>
      <property name="illegalClassNames" value="java.lang.Throwable, java.lang.RuntimeException"/>
    </module>
    <module name="IllegalThrows">
      <property name="severity" value="error"/>
    </module>
    <module name="IllegalType">
      <property name="severity" value="error"/>
      <property name="tokens" value="METHOD_DEF,PARAMETER_DEF,VARIABLE_DEF"/>
    </module>
    <module name="ModifiedControlVariable">
      <property name="severity" value="error"/>
    </module>
    <module name="MultipleStringLiterals"/>
    <module name="MultipleVariableDeclarations">
      <property name="severity" value="error"/>
    </module>
    <module name="NestedIfDepth">
      <property name="severity" value="error"/>
    </module>
    <module name="NestedTryDepth">
      <property name="severity" value="error"/>
    </module>
    <module name="PackageDeclaration">
      <property name="severity" value="error"/>
    </module>
    <module name="ParameterAssignment">
      <property name="severity" value="error"/>
    </module>
    <module name="ReturnCount">
      <property name="severity" value="error"/>
    </module>
    <module name="StringLiteralEquality">
      <property name="severity" value="error"/>
    </module>
    <module name="SuperClone">
      <property name="severity" value="error"/>
    </module>
    <module name="ArrayTrailingComma">
      <property name="severity" value="error"/>
    </module>
    <module name="ThrowsCount">
      <property name="severity" value="error"/>
      <property name="max" value="4"/>
    </module>
    <module name="ClassDataAbstractionCoupling">
      <property name="severity" value="error"/>
    </module>
    <module name="ClassFanOutComplexity">
      <property name="severity" value="error"/>
    </module>
    <module name="CyclomaticComplexity">
      <property name="severity" value="error"/>
    </module>
    <module name="JavaNCSS">
      <property name="severity" value="error"/>
    </module>
    <module name="NPathComplexity">
      <property name="severity" value="error"/>
    </module>
  </module>
  <module name="JavadocPackage"/>
  <module name="NewlineAtEndOfFile"/>
  <module name="Translation"/>
  <module name="SuppressionFilter">
    <property name="file" value="${checkstyle.suppressions.file}"/>
  </module>
</module>
