<?xml version="1.0" encoding="UTF-8"?>
<!-- ============================================================================= -->
<!-- Copyright © 2009 Red Hat, Inc. and others.                                    -->
<!--                                                                               -->
<!-- The text of and illustrations in this document are licensed by Red Hat under  -->
<!-- a Creative Commons Attribution–Share Alike 3.0 Unported license ("CC-BY-SA"). -->
<!--                                                                               -->
<!-- An explanation of CC-BY-SA is available at                                    -->
<!--                                                                               -->
<!--            http://creativecommons.org/licenses/by-sa/3.0/.                    -->
<!--                                                                               -->
<!-- In accordance with CC-BY-SA, if you distribute this document or an adaptation -->
<!-- of it, you must provide the URL for the original version.                     -->
<!--                                                                               -->
<!-- Red Hat, as the licensor of this document, waives the right to enforce,       -->
<!-- and agrees not to assert, Section 4d of CC-BY-SA to the fullest extent        -->
<!-- permitted by applicable law.                                                  -->
<!-- ============================================================================= -->
<chapter id="introduction">
    <title>快速入手</title>
    <para>本简短的指南给出了如何下载、安装HornetQ，以及尽快开始使用HornetQ。</para>
    <para>我们强烈建议当下载安装完成后，运行HornetQ的例子来了解HornetQ。我们有70多个例子来展示几乎
        所有HornetQ的功能。</para>
    <para>本指南不能代替用户手册。用户手册包括更加完整和深入的信息，供用户进一步全面掌握HornetQ。</para>
</chapter>
