<!-- ============================================================================= -->
<!-- Copyright © 2009 Red Hat, Inc. and others.                                    -->
<!--                                                                               -->
<!-- The text of and illustrations in this document are licensed by Red Hat under  -->
<!-- a Creative Commons Attribution–Share Alike 3.0 Unported license ("CC-BY-SA"). -->
<!--                                                                               -->
<!-- An explanation of CC-BY-SA is available at                                    -->
<!--                                                                               -->
<!--            http://creativecommons.org/licenses/by-sa/3.0/.                    -->
<!--                                                                               -->
<!-- In accordance with CC-BY-SA, if you distribute this document or an adaptation -->
<!-- of it, you must provide the URL for the original version.                     -->
<!--                                                                               -->
<!-- Red Hat, as the licensor of this document, waives the right to enforce,       -->
<!-- and agrees not to assert, Section 4d of CC-BY-SA to the fullest extent        -->
<!-- permitted by applicable law.                                                  -->
<!-- ============================================================================= -->


<chapter id="notice">
    <title>法律声明</title>
        
        <para>Red Hat, Inc. 以及其他公司2010年版权所有。</para>
        <para>Red Hat公司依照 CC-BY-SA 3.0 Unported(Creative Commons 
              Attribution-Share Alike)条款之规定授权用戶是用本手册中的文字和插图。</para>
        <para>有关 CC-BY-SA 的解释请访问<ulink url="http://creativecommons.org/licenses/by-sa/3.0/">http://creativecommons.org/licenses/by-sa/3.0/</ulink>。根据CC－BY－SA的规定，如果要发布本文档或任何本文档的修改版本，都必须给出原始版本文档的URL。</para>
        <para>Red Hat 作为本文档的授权方声明在相关法律允许的最大范围内放弃CC-BY-SA第4d节所规定的权利。</para>
</chapter>

