<?xml version='1.0' encoding='UTF-8'?>
<!--
  ~ Copyright (c) 2008-2013, Hazelcast, Inc. All Rights Reserved.
  ~
  ~ Licensed under the Apache License, Version 2.0 (the "License");
  ~ you may not use this file except in compliance with the License.
  ~ You may obtain a copy of the License at
  ~
  ~ http://www.apache.org/licenses/LICENSE-2.0
  ~
  ~ Unless required by applicable law or agreed to in writing, software
  ~ distributed under the License is distributed on an "AS IS" BASIS,
  ~ WITHOUT WARRANTIES OR CONDITIONS OF ANY KIND, either express or implied.
  ~ See the License for the specific language governing permissions and
  ~ limitations under the License.
  -->

<sect2 xml:id="MapEntry" version='5.0' xmlns='http://docbook.org/ns/docbook'
       xmlns:xi="http://www.w3.org/2001/XInclude"
       xmlns:xlink="http://www.w3.org/1999/xlink"
       xmlns:xsi="http://www.w3.org/2001/XMLSchema-instance"
       xsi:schemaLocation="http://docbook.org/ns/docbook http://www.docbook.org/xml/5.0/xsd/docbook.xsd
        http://www.w3.org/1999/xlink http://www.w3.org/1999/xlink.xsd">
    <title>Entry Statistics</title>
    <para>
        Hazelcast keeps extra information about each map entry such as creationTime, lastUpdateTime, lastAccessTime,
        number of hits, version, and this information is exposed to the developer via
        <literal>IMap.getMapEntry(key)</literal>
        call. Here is
        an example:
        <programlisting language="java"><![CDATA[import com.hazelcast.core.Hazelcast;
import com.hazelcast.core.EntryView;

Config cfg = new Config();
HazelcastInstance hz = Hazelcast.newHazelcastInstance(cfg);
EntryView entry = hz.getMap("quotes").getEntryView("1");
System.out.println ("size in memory  : " + entry.getCost();
System.out.println ("creationTime    : " + entry.getCreationTime();
System.out.println ("expirationTime  : " + entry.getExpirationTime();
System.out.println ("number of hits  : " + entry.getHits();
System.out.println ("lastAccessedTime: " + entry.getLastAccessTime();
System.out.println ("lastUpdateTime  : " + entry.getLastUpdateTime();
System.out.println ("version         : " + entry.getVersion();
System.out.println ("key             : " + entry.getKey();
System.out.println ("value           : " + entry.getValue();
]]></programlisting>
    </para>
</sect2>
