<?xml version='1.0' encoding='UTF-8'?>
<!--
  ~ Copyright (c) 2008-2013, Hazelcast, Inc. All Rights Reserved.
  ~
  ~ Licensed under the Apache License, Version 2.0 (the "License");
  ~ you may not use this file except in compliance with the License.
  ~ You may obtain a copy of the License at
  ~
  ~ http://www.apache.org/licenses/LICENSE-2.0
  ~
  ~ Unless required by applicable law or agreed to in writing, software
  ~ distributed under the License is distributed on an "AS IS" BASIS,
  ~ WITHOUT WARRANTIES OR CONDITIONS OF ANY KIND, either express or implied.
  ~ See the License for the specific language governing permissions and
  ~ limitations under the License.
  -->

<sect2 xml:id="MapInterceptor" version="5.0" xmlns="http://docbook.org/ns/docbook"
       xmlns:xsi="http://www.w3.org/2001/XMLSchema-instance"
       xsi:schemaLocation="http://docbook.org/ns/docbook http://www.docbook.org/xml/5.0/xsd/docbook.xsd">
    <title>Interceptors</title>
    <para>
        Another new feature with version 3.0 is the interceptors.
        You can add intercept operations and execute your own business logic synchronously blocking the operation.
        You can change the returned value from a get operation, change the value to be put or cancel operations by throwing exception.
    </para>
    <para>
        Interceptors are different from listeners as with listeners you just take an action after the operation has been completed.
        Interceptor actions are synchronous and you can alter the behaviour of operation, change the values or totally cancel it.
    </para>
    <para>
        IMap API has two method for adding and removing interceptor to the map.
        <programlisting language="java"><![CDATA[
    /**
     * Adds an interceptor for this map. Added interceptor will intercept operations
     * and execute user defined methods and will cancel operations if user defined method throw exception.
     * <p/>
     *
     * @param interceptor map interceptor
     * @return id of registered interceptor
     */
    String addInterceptor(MapInterceptor interceptor);

    /**
     * Removes the given interceptor for this map. So it will not intercept operations anymore.
     * <p/>
     *
     * @param id registration id of map interceptor
     */
    void removeInterceptor(String id);

]]></programlisting>

    </para>
    <para>
        Here MapInterceptor interface:
        <programlisting language="java"><![CDATA[

public interface MapInterceptor extends Serializable {

    /**
     * Intercept get operation before returning value.
     * Return another object to change the return value of get(..)
     * Returning null will cause the get(..) operation return original value, namely return null if you do not want to change anything.
     * <p/>
     *
     * @param value the original value to be returned as the result of get(..) operation
     * @return the new value that will be returned by get(..) operation
     */
    Object interceptGet(Object value);

    /**
     * Called after get(..) operation is completed.
     * <p/>
     *
     * @param value the value returned as the result of get(..) operation
     */
    void afterGet(Object value);

    /**
     * Intercept put operation before modifying map data.
     * Return the object to be put into the map.
     * Returning null will cause the put(..) operation to operate as expected, namely no interception.
     * Throwing an exception will cancel the put operation.
     * <p/>
     *
     * @param oldValue the value currently in map
     * @param newValue the new value to be put
     * @return new value after intercept operation
     */
    Object interceptPut(Object oldValue, Object newValue);

    /**
     * Called after put(..) operation is completed.
     * <p/>
     *
     * @param value the value returned as the result of put(..) operation
     */
    void afterPut(Object value);

    /**
     * Intercept remove operation before removing the data.
     * Return the object to be returned as the result of remove operation.
     * Throwing an exception will cancel the remove operation.
     * <p/>
     *
     * @param removedValue the existing value to be removed
     * @return the value to be returned as the result of remove operation
     */
    Object interceptRemove(Object removedValue);

    /**
     * Called after remove(..) operation is completed.
     * <p/>
     *
     * @param value the value returned as the result of remove(..) operation
     */
    void afterRemove(Object value);

}
]]></programlisting>
                </para>
    <para>
        <emphasis role="bold">Example Usage:</emphasis>
        <programlisting language="java"><![CDATA[

public class InterceptorTest {
    final String mapName = "map";


    @Test
    public void testMapInterceptor() throws InterruptedException {
        Config cfg = new Config();
        HazelcastInstance instance1 = Hazelcast.newHazelcastInstance(cfg);
        HazelcastInstance instance2 = Hazelcast.newHazelcastInstance(cfg);
        final IMap<Object, Object> map = instance1.getMap("testMapInterceptor");
        SimpleInterceptor interceptor = new SimpleInterceptor();
        map.addInterceptor(interceptor);
        map.put(1, "New York");
        map.put(2, "Istanbul");
        map.put(3, "Tokyo");
        map.put(4, "London");
        map.put(5, "Paris");
        map.put(6, "Cairo");
        map.put(7, "Hong Kong");

        try {
            map.remove(1);
        } catch (Exception ignore) {
        }
        try {
            map.remove(2);
        } catch (Exception ignore) {
        }

        assertEquals(map.size(), 6);

        assertEquals(map.get(1), null);
        assertEquals(map.get(2), "ISTANBUL:");
        assertEquals(map.get(3), "TOKYO:");
        assertEquals(map.get(4), "LONDON:");
        assertEquals(map.get(5), "PARIS:");
        assertEquals(map.get(6), "CAIRO:");
        assertEquals(map.get(7), "HONG KONG:");

        map.removeInterceptor(interceptor);
        map.put(8, "Moscow");

        assertEquals(map.get(8), "Moscow");
        assertEquals(map.get(1), null);
        assertEquals(map.get(2), "ISTANBUL");
        assertEquals(map.get(3), "TOKYO");
        assertEquals(map.get(4), "LONDON");
        assertEquals(map.get(5), "PARIS");
        assertEquals(map.get(6), "CAIRO");
        assertEquals(map.get(7), "HONG KONG");

    }

    static class SimpleInterceptor implements MapInterceptor, Serializable {

        @Override
        public Object interceptGet(Object value) {
            if(value == null)
                return null;
            return value + ":";
        }

        @Override
        public void afterGet(Object value) {
        }

        @Override
        public Object interceptPut(Object oldValue, Object newValue) {
            return newValue.toString().toUpperCase();
        }

        @Override
        public void afterPut(Object value) {
        }

        @Override
        public Object interceptRemove(Object removedValue) {
            if(removedValue.equals("ISTANBUL"))
                throw new RuntimeException("you can not remove this");
            return removedValue;
        }

        @Override
        public void afterRemove(Object value) {
            // do something
        }
    }
}

]]></programlisting>
    </para>
</sect2>
