<?xml version='1.0' encoding='UTF-8'?>
<!DOCTYPE authorgroup PUBLIC "-//OASIS//DTD DocBook XML V4.5//EN" "http://www.oasis-open.org/docbook/xml/4.5/docbookx.dtd" [
<!ENTITY % BOOK_ENTITIES SYSTEM "HornetQ_QuickStart_Guide.ent">
%BOOK_ENTITIES;
]>
<authorgroup>
  <author>
    <firstname>Clebert</firstname>
    <surname>Suconic</surname>
    <affiliation>
      <shortaffil>Red Hat, Inc.</shortaffil>
      <jobtitle>Project Lead</jobtitle>
      <orgdiv>JBoss</orgdiv>
    </affiliation>
    <email>csuconic@redhat.com</email>
  </author>
  <author>
    <firstname>Andy</firstname>
    <surname>Taylor</surname>
    <affiliation>
      <shortaffil>Red Hat, Inc.</shortaffil>
      <jobtitle>Core Developer</jobtitle>
      <orgdiv>JBoss</orgdiv>
    </affiliation>
    <email>ataylor@redhat.com</email>
  </author>
  <author>
    <firstname>Tim</firstname>
    <surname>Fox</surname>
  </author>
  <author>
    <firstname>Jeff</firstname>
    <surname>Mesnil</surname>
  </author>
  <author>
    <firstname>Howard</firstname>
    <surname>Gao</surname>
    <affiliation>
      <shortaffil>Red Hat, Inc.</shortaffil>
      <jobtitle>Core Developer</jobtitle>
      <orgdiv>JBoss</orgdiv>
    </affiliation>
    <email>ghoward@redhat.com</email>
  </author>
</authorgroup>
