<?xml version='1.0' encoding='UTF-8'?>
<!-- This document was created with Syntext Serna Free. --><!DOCTYPE bookinfo PUBLIC "-//OASIS//DTD DocBook XML V4.5//EN" "http://www.oasis-open.org/docbook/xml/4.5/docbookx.dtd" [
<!ENTITY % BOOK_ENTITIES SYSTEM "HornetQ_QuickStart_Guide.ent">
%BOOK_ENTITIES;
]>
<bookinfo id="HornetQ_QuickStart_Guide">
  <title>HornetQ QuickStart Guide</title>
  <subtitle>Putting the buzz in messaging</subtitle>
  <productname>HornetQ</productname>
  <edition>2.1.0</edition>
  <pubsnumber>1</pubsnumber>
  <abstract>
    <para>This Quickstart guide will help you get HornetQ up and running in a few minutes and will explain the basics needed
    to get started.</para>
  </abstract>
  <corpauthor>
    <inlinemediaobject>
      <imageobject>
        <imagedata fileref="images/hornetQ_logo_600px.png" format="PNG"/>
      </imageobject>
      <textobject>
        <phrase>HornetQ Logo</phrase>
      </textobject>
    </inlinemediaobject>
  </corpauthor>
  <copyright>
    <year>&YEAR;</year>
    <holder>&HOLDER;</holder>
  </copyright>
  <xi:include xmlns:xi="http://www.w3.org/2001/XInclude" href="Author_Group.xml"/>
</bookinfo>
