<?xml version='1.0' encoding='UTF-8'?>

<!DOCTYPE book PUBLIC "-//OASIS//DTD DocBook XML V4.5//EN" "http://www.oasis-open.org/docbook/xml/4.5/docbookx.dtd" [
<!ENTITY % BOOK_ENTITIES SYSTEM "HornetQ_QuickStart_Guide.ent">
%BOOK_ENTITIES;

]>
<book>
  <xi:include xmlns:xi="http://www.w3.org/2001/XInclude" href="Book_Info.xml"/>
  <xi:include xmlns:xi="http://www.w3.org/2001/XInclude" href="notice.xml"/>
  <xi:include xmlns:xi="http://www.w3.org/2001/XInclude" href="about.xml"/>
  <xi:include xmlns:xi="http://www.w3.org/2001/XInclude" href="introduction.xml"/>
  <xi:include xmlns:xi="http://www.w3.org/2001/XInclude" href="download.xml"/>
  <xi:include xmlns:xi="http://www.w3.org/2001/XInclude" href="installation.xml"/>
  <xi:include xmlns:xi="http://www.w3.org/2001/XInclude" href="running.xml"/>
  <xi:include xmlns:xi="http://www.w3.org/2001/XInclude" href="examples.xml"/>
</book>
