<?xml version="1.0" encoding="UTF-8"?>
<!-- ============================================================================= -->
<!-- Copyright © 2009 Red Hat, Inc. and others.                                    -->
<!--                                                                               -->
<!-- The text of and illustrations in this document are licensed by Red Hat under  -->
<!-- a Creative Commons Attribution–Share Alike 3.0 Unported license ("CC-BY-SA"). -->
<!--                                                                               -->
<!-- An explanation of CC-BY-SA is available at                                    -->
<!--                                                                               -->
<!--            http://creativecommons.org/licenses/by-sa/3.0/.                    -->
<!--                                                                               -->
<!-- In accordance with CC-BY-SA, if you distribute this document or an adaptation -->
<!-- of it, you must provide the URL for the original version.                     -->
<!--                                                                               -->
<!-- Red Hat, as the licensor of this document, waives the right to enforce,       -->
<!-- and agrees not to assert, Section 4d of CC-BY-SA to the fullest extent        -->
<!-- permitted by applicable law.                                                  -->
<!-- ============================================================================= -->

<!DOCTYPE chapter PUBLIC "-//OASIS//DTD DocBook XML V4.5//EN" "http://www.oasis-open.org/docbook/xml/4.5/docbookx.dtd" [
<!ENTITY % BOOK_ENTITIES SYSTEM "HornetQ_QuickStart_Guide.ent">
%BOOK_ENTITIES;
]>
<chapter id="running">
   <title>Starting The Server</title>
   <section id="running.standalone">
      <title>Standalone HornetQ</title>
      <para>To run a stand-alone server, open up a shell or command prompt and navigate into the
            <literal>bin</literal> directory. Then execute <literal>./run.sh</literal> (or <literal
            >run.bat</literal> on Windows) and you should see the following output </para>
      <programlisting>
         bin$ ./run.sh
         
         15:05:54,108 INFO  @main [HornetQBootstrapServer] Starting HornetQ server
         ...
         15:06:02,566 INFO  @main [HornetQServerImpl] HornetQ Server version 
         2.0.0.CR3 (yellowjacket, 111) started
      </programlisting>
      <para>HornetQ is now running.</para>
      <para>Both the run and the stop scripts use the config under <literal
            >config/stand-alone/non-clustered</literal> by default. The configuration can be changed
         by running <literal>./run.sh ../config/stand-alone/clustered</literal> or another config of
         your choosing. This is the same for the stop script and the windows bat files.</para>
   </section>
   <section id="running.jboss.as5">
      <title>HornetQ In JBoss AS 5.x</title>
      <para>To run HornetQ in JBoss AS 5, you need to create the <link
            linkend="installation.jboss.as5">AS 5 profiles for HornetQ</link> first. Then run JBoss
         AS 5 with one these profiles. For example, to run JBoss AS 5 with a
            <emphasis>non-clustered</emphasis> HornetQ server, got to <literal
            >$JBOSS_HOME/bin</literal> directory and type:</para>
      <programlisting>
        bin$ ./run.sh -c default-with-hornetq
        
        15:18:35,460 INFO  [ServerImpl] Starting JBoss (Microcontainer)...
        15:18:35,462 INFO  [ServerImpl] Release ID: JBoss (Microcontainer) [5.1.0.GA (build: SVNTag=
        JBoss_5_1_0_GA date=200905221053)
        ...
        15:19:30,305 INFO  [HornetQServerImpl] HornetQ Server version 
        2.0.0.CR3 (yellowjacket, 111) started
        ...
        15:19:43,601 INFO  [ServerImpl] JBoss (Microcontainer) [5.1.0.GA (build: SVNTag=
        JBoss_5_1_0_GA date=200905221053)]Started in 1m:14s:556ms
      </programlisting>
   </section>
   <section id="running.jboss.as4">
      <title>HornetQ In JBoss AS 4.x</title>
      <para>To run HornetQ in JBoss AS 4 you must follow the same steps described for AS5 without
         forgetting to create the <link linkend="installation.jboss.as4">AS 4 profiles for
            HornetQ</link> first. </para>
   </section>
   <section id="running.jboss.as6">
      <title>HornetQ In JBoss AS 6.0</title>
      <para>From JBoss AS 6.0 M3 onwards, HornetQ is the default (built-in) JMS provider in JBoss AS, so there's no need to install it - it's already there.</para>
   </section>
</chapter>
