<?xml version="1.0" encoding="UTF-8"?>
<!--
  ~ Copyright 2009-2013 Roland Huss
  ~
  ~ Licensed under the Apache License, Version 2.0 (the "License");
  ~ you may not use this file except in compliance with the License.
  ~ You may obtain a copy of the License at
  ~
  ~       http://www.apache.org/licenses/LICENSE-2.0
  ~
  ~ Unless required by applicable law or agreed to in writing, software
  ~ distributed under the License is distributed on an "AS IS" BASIS,
  ~ WITHOUT WARRANTIES OR CONDITIONS OF ANY KIND, either express or implied.
  ~ See the License for the specific language governing permissions and
  ~ limitations under the License.
  -->

<document xmlns="http://maven.apache.org/XDOC/2.0"
  xmlns:xsi="http://www.w3.org/2001/XMLSchema-instance"
  xsi:schemaLocation="http://maven.apache.org/XDOC/2.0 http://maven.apache.org/xsd/xdoc-2.0.xsd">
  
  <properties>
    <title>Forum</title>
    <author email="roland@jolokia.org">Roland Huss</author>
  </properties>

  <body>
    <section name="Forum">
      <div width="98%">
        <a id="nabblelink" href="http://jolokia.963608.n3.nabble.com/">Jolokia</a>
        <script src="http://jolokia.963608.n3.nabble.com/embed/f1377287" type="text/javascript"></script>
      </div>
    </section>
  </body>
</document>