<?xml version="1.0" encoding="UTF-8"?>
<!--
  ~ Copyright 2009-2013 Roland Huss
  ~
  ~ Licensed under the Apache License, Version 2.0 (the "License");
  ~ you may not use this file except in compliance with the License.
  ~ You may obtain a copy of the License at
  ~
  ~       http://www.apache.org/licenses/LICENSE-2.0
  ~
  ~ Unless required by applicable law or agreed to in writing, software
  ~ distributed under the License is distributed on an "AS IS" BASIS,
  ~ WITHOUT WARRANTIES OR CONDITIONS OF ANY KIND, either express or implied.
  ~ See the License for the specific language governing permissions and
  ~ limitations under the License.
  -->

<document xmlns="http://maven.apache.org/XDOC/2.0"
          xmlns:xsi="http://www.w3.org/2001/XMLSchema-instance"
          xsi:schemaLocation="http://maven.apache.org/XDOC/2.0 http://maven.apache.org/xsd/xdoc-2.0.xsd">

  <properties>
    <title>Talks and Screencasts</title>
    <author email="roland@jolokia.org">Roland Huss</author>
  </properties>

  <body>
    <section name="Devoxx 2011">
      <p>
        Here's my talk from Devoxx 2011 which is now freely
        available on <a href="http://www.parleys.com">Parleys</a>. Well, as explained <a
              href="http://labs.consol.de/lang/de/blog/devoxx/devoxx-2011-day-1/#jolokia">here</a> I was quite nervous on my first Devoxx
        talk, so please concentrate on the facts and block out the speaker ;-)
      </p>
      <div style="margin-left: 110px">
        <object width="480" height="780"><param name="movie" value="http://www.parleys.com/dist/share/parleysshare.swf"></param><param name="allowFullScreen" value="true"></param><param name="wmode" value="direct"></param><param name="bgcolor" value="#222222"></param><param name="flashVars" value="sv=true&amp;pageId=2864" ></param><embed src="http://www.parleys.com/dist/share/parleysshare.swf" type="application/x-shockwave-flash" flashVars="sv=true&amp;pageId=2864" allowfullscreen="true" bgcolor="#222222" width="480" height="780"></embed></object>
      </div>
      <p>The slides with included videos are also available at <a href="http://www.slideshare.net/roland.huss/jolokia-devoxx">Slideshare</a>:</p>
      <div style="width:510px; margin-left: auto; margin-right: auto;"><iframe src="http://www.slideshare.net/slideshow/embed_code/10259713" width="510" height="426" frameborder="0" marginwidth="0" marginheight="0" scrolling="no"></iframe></div>
    </section>
    <section name="OSMC 2011">
      <p>
        This <a href="http://www.netways.de/index.php?id=3031&amp;L=1">talk</a>
        from the <a href="http://www.netways.de/en/osmc/y2011/overview/">Open Source Monitoring Conference</a>
        was given 2011 in Nuremberg.
        It focuses on the integration of
        Jolokia within Nagios and was given in German. I was the
        'Java guy' this year. It was my third time at OSMC and it
        was as always a big pleasure to meet the Nagios folks and
        catering was phantastic, too ;-)
      </p>
      <div style="width:600px; margin-left: auto; margin-right: auto;">
        <iframe width="600" height="450" src="http://www.youtube.com/embed/Hn8zkghsrIs" frameborder="0" allowfullscreen="true"></iframe>
      </div>
    </section>
    <section name="Osgish">
      <p>
        This screencast demos the cousin of j4psh, osgish an Perl bases OSGi shell which uses Jolokia and Aries for
        managing OSGi container. It works well, but is still yet some sort of prototype. The screencast is cool nevertheless ;-)
      </p>
      <div style="width:500px; margin-left: auto; margin-right: auto;">
        <iframe src="http://player.vimeo.com/video/9800210?badge=0" width="500" height="375" frameborder="0" webkitAllowFullScreen="true" mozallowfullscreen="true" allowFullScreen="trueaaa"></iframe> <p><a href="http://vimeo.com/9800210">Osgish - A OSGi Shell</a> from <a href="http://vimeo.com/user3278848">Roland Huss</a> on <a href="http://vimeo.com">Vimeo</a>.</p>
      </div>
    </section>
  </body>
</document>
