<?xml version='1.0' encoding='UTF-8'?>
<!--
  ~ Copyright (c) 2008-2013, Hazelcast, Inc. All Rights Reserved.
  ~
  ~ Licensed under the Apache License, Version 2.0 (the "License");
  ~ you may not use this file except in compliance with the License.
  ~ You may obtain a copy of the License at
  ~
  ~ http://www.apache.org/licenses/LICENSE-2.0
  ~
  ~ Unless required by applicable law or agreed to in writing, software
  ~ distributed under the License is distributed on an "AS IS" BASIS,
  ~ WITHOUT WARRANTIES OR CONDITIONS OF ANY KIND, either express or implied.
  ~ See the License for the specific language governing permissions and
  ~ limitations under the License.
  -->

<sect1 xml:id="CountDownLatchCommands" version='5.0' xmlns='http://docbook.org/ns/docbook'
       xmlns:xi="http://www.w3.org/2001/XInclude"
       xmlns:xlink="http://www.w3.org/1999/xlink"
       xmlns:xsi="http://www.w3.org/2001/XMLSchema-instance"
       xsi:schemaLocation="http://docbook.org/ns/docbook http://www.docbook.org/xml/5.0/xsd/docbook.xsd
       http://www.w3.org/1999/xlink http://www.w3.org/1999/xlink.xsd">
    <title>CountDownLatch Commands</title>

    CDLAWAIT, CDLGETCOUNT, CDLSETCOUNT, CDLCOUNTDOWN

    <sect2 xml:id="CDLAWAIT" version="5.0" xmlns="http://docbook.org/ns/docbook">
        <title>CDLAWAIT</title>

        <para>
            Causes the current command to wait until the latch has counted down to
            zero or the specified waiting time elapses
        </para>

        <para>
            <emphasis role="bold">COMMAND:</emphasis>
        </para>

        <programlisting language="java"><![CDATA[
        CDLAWAIT <flag> <name> <time>
        ]]></programlisting>

        
        <para> time is in milliseconds.</para>

        <para>
            <emphasis role="bold">Return value:</emphasis>
        </para>
        <programlisting language="java"><![CDATA[
        OK <flag>
            ]]></programlisting>
    </sect2>

    <sect2 xml:id="CDLGETCOUNT" version="5.0" xmlns="http://docbook.org/ns/docbook">
        <title>CDLGETCOUNT</title>

        <para>
            Returns the current count.
        </para>

        <para>
            <emphasis role="bold">COMMAND:</emphasis>
        </para>

        <programlisting language="java"><![CDATA[
        CDLGETCOUNT <flag> <name>
        ]]></programlisting>

        <para>
            <emphasis role="bold">Return value:</emphasis>
        </para>
        <programlisting language="java"><![CDATA[
        OK <flag> <count>
            ]]></programlisting>
    </sect2>

    <sect2 xml:id="CDLSETCOUNT" version="5.0" xmlns="http://docbook.org/ns/docbook">
        <title>CDLSETCOUNT</title>

        <para>
            Sets the count to the given value if the current count is zero. The calling
            cluster member becomes the owner of the countdown and is responsible for
            staying connected to the cluster until the count reaches zero.
        </para>

        <para>
            <emphasis role="bold">COMMAND:</emphasis>
        </para>

        <programlisting language="java"><![CDATA[
        CDLSETCOUNT <flag> <name> <count>
        ]]></programlisting>

        <para>
            <emphasis role="bold">Return value:</emphasis>
        </para>
        <programlisting language="java"><![CDATA[
        OK <flag> <isset?>
            ]]></programlisting>
        
        <para>return true if the new count was set, false if the count wasn't zero.  </para>
    </sect2>

    <sect2 xml:id="CDLCOUNTDOWN" version="5.0" xmlns="http://docbook.org/ns/docbook">
        <title>CDLCOUNTDOWN</title>

        <para>
            Decrements the count of the latch, releasing all waiting threads if
            the count reaches zero.
        </para>

        <para>
            <emphasis role="bold">COMMAND:</emphasis>
        </para>

        <programlisting language="java"><![CDATA[
        CDLCOUNTDOWN <flag> <name>
        ]]></programlisting>

        <para>
            <emphasis role="bold">Return value:</emphasis>
        </para>
        <programlisting language="java"><![CDATA[
        OK <flag>
        ]]></programlisting>
    </sect2>
</sect1>
