<?xml version='1.0' encoding='UTF-8'?>
<!--
  ~ Copyright (c) 2008-2013, Hazelcast, Inc. All Rights Reserved.
  ~
  ~ Licensed under the Apache License, Version 2.0 (the "License");
  ~ you may not use this file except in compliance with the License.
  ~ You may obtain a copy of the License at
  ~
  ~ http://www.apache.org/licenses/LICENSE-2.0
  ~
  ~ Unless required by applicable law or agreed to in writing, software
  ~ distributed under the License is distributed on an "AS IS" BASIS,
  ~ WITHOUT WARRANTIES OR CONDITIONS OF ANY KIND, either express or implied.
  ~ See the License for the specific language governing permissions and
  ~ limitations under the License.
  -->

<sect1 xml:id="LockCommands" version='5.0' xmlns='http://docbook.org/ns/docbook'
       xmlns:xi="http://www.w3.org/2001/XInclude"
       xmlns:xlink="http://www.w3.org/1999/xlink"
       xmlns:xsi="http://www.w3.org/2001/XMLSchema-instance"
       xsi:schemaLocation="http://docbook.org/ns/docbook http://www.docbook.org/xml/5.0/xsd/docbook.xsd
       http://www.w3.org/1999/xlink http://www.w3.org/1999/xlink.xsd">
    <title>Lock Commands</title>

    LOCK_LOCK, LOCK_TRYLOCK, LOCK_UNLOCK, LOCK_FORCE_UNLOCK, LOCK_IS_LOCKED

    <sect2 xml:id="LOCK_LOCK" version="5.0" xmlns="http://docbook.org/ns/docbook">
        <title>LOCK_LOCK</title>

        <para>
            Acquires the lock.
            If the lock is not available then the current command becomes disabled for thread
            scheduling purposes and lies dormant until the lock has been acquired.
        </para>

        <para>
            <emphasis role="bold">COMMAND:</emphasis>
        </para>

        <programlisting language="java"><![CDATA[
        LOCK_LOCK <name>
        ]]></programlisting>

        <para>
            <emphasis role="bold">Return value:</emphasis>
        </para>
        <programlisting language="java"><![CDATA[
        OK
            ]]></programlisting>
    </sect2>

    <sect2 xml:id="LOCK_UNLOCK" version="5.0" xmlns="http://docbook.org/ns/docbook">
        <title>LOCK_UNLOCK</title>

        <para>
            Releases the lock.
        </para>

        <para>
            <emphasis role="bold">COMMAND:</emphasis>
        </para>

        <programlisting language="java"><![CDATA[
        LOCK_UNLOCK <name>
        ]]></programlisting>

        <para>
            <emphasis role="bold">Return value:</emphasis>
        </para>
        <programlisting language="java"><![CDATA[
        OK
            ]]></programlisting>
    </sect2>

    <sect2 xml:id="LOCK_FORCE_UNLOCK" version="5.0" xmlns="http://docbook.org/ns/docbook">
        <title>LOCK_FORCE_UNLOCK</title>

        <para>
            Releases the lock regardless of the lock owner.
            It always successfully unlocks, never blocks  and returns immediately.
        </para>

        <para>
            <emphasis role="bold">COMMAND:</emphasis>
        </para>

        <programlisting language="java"><![CDATA[
        LOCK_FORCE_UNLOCK <name>
        ]]></programlisting>

        <para>
            <emphasis role="bold">Return value:</emphasis>
        </para>
        <programlisting language="java"><![CDATA[
        OK
            ]]></programlisting>
    </sect2>

    <sect2 xml:id="LOCK_IS_LOCKED" version="5.0" xmlns="http://docbook.org/ns/docbook">
        <title>LOCK_IS_LOCKED</title>

        <para>
            Returns true of the lock is already acquired by someone.
        </para>

        <para>
            <emphasis role="bold">COMMAND:</emphasis>
        </para>

        <programlisting language="java"><![CDATA[
        LOCK_IS_LOCKED <name>
        ]]></programlisting>

        <para>
            <emphasis role="bold">Return value:</emphasis>
        </para>
        <programlisting language="java"><![CDATA[
        OK <locked?>
            ]]></programlisting>
    </sect2>
</sect1>
