<?xml version='1.0' encoding='UTF-8'?>
<!--
  ~ Copyright (c) 2008-2013, Hazelcast, Inc. All Rights Reserved.
  ~
  ~ Licensed under the Apache License, Version 2.0 (the "License");
  ~ you may not use this file except in compliance with the License.
  ~ You may obtain a copy of the License at
  ~
  ~ http://www.apache.org/licenses/LICENSE-2.0
  ~
  ~ Unless required by applicable law or agreed to in writing, software
  ~ distributed under the License is distributed on an "AS IS" BASIS,
  ~ WITHOUT WARRANTIES OR CONDITIONS OF ANY KIND, either express or implied.
  ~ See the License for the specific language governing permissions and
  ~ limitations under the License.
  -->

<sect1 xml:id="MultiMapCommands" version='5.0' xmlns='http://docbook.org/ns/docbook'
       xmlns:xi="http://www.w3.org/2001/XInclude"
       xmlns:xlink="http://www.w3.org/1999/xlink"
       xmlns:xsi="http://www.w3.org/2001/XMLSchema-instance"
       xsi:schemaLocation="http://docbook.org/ns/docbook http://www.docbook.org/xml/5.0/xsd/docbook.xsd
       http://www.w3.org/1999/xlink http://www.w3.org/1999/xlink.xsd">
    <title>MultiMap Commands</title>
    MMPUT, MMREMOVE, MMVALUECOUNT

    <sect2 xml:id="MMPUT" version="5.0" xmlns="http://docbook.org/ns/docbook">
        <title>MMPUT</title>

        <para>
            Stores a key-value pair in the multimap
        </para>

        <para>
            <emphasis role="bold">COMMAND:</emphasis>
        </para>

        <programlisting language="java"><![CDATA[
        MMPUT <name> [noreply] #2
        <size of key in bytes> <size of value in bytes>
        <key in bytes><value in bytes>
        ]]></programlisting>

        <para>
            <emphasis role="bold">Return value:</emphasis>
        </para>
        <programlisting language="java"><![CDATA[
        OK <boolean>
            ]]></programlisting>

        <para>
            If noreply is provided, server will not return a response. Otherwise it will return true if size of the
            multimap is increased, false if the multimap already contains the key-value pair.
        </para>
    </sect2>

    <sect2 xml:id="MMREMOVE" version="5.0" xmlns="http://docbook.org/ns/docbook">
        <title>MMREMOVE</title>

        <para>
            Removes a key-value pair from the multimap
        </para>

        <para>
            <emphasis role="bold">COMMAND:</emphasis>
        </para>

        <para>Will remove all the values associated to the given key</para>

        <programlisting language="java"><![CDATA[
        MMREMOVE <name> [noreply] #1
        <size of key in bytes>
        <key in bytes>
        ]]></programlisting>


        <para>Will remove only the value associated to the given key</para>

        <programlisting language="java"><![CDATA[
        MMREMOVE <name> [noreply] #2
        <size of key in bytes> <size of value in bytes>
        <key in bytes><value in bytes>
        ]]></programlisting>

        <para>
            <emphasis role="bold">Return value:</emphasis>
        </para>
        <programlisting language="java"><![CDATA[
        OK <boolean>
            ]]></programlisting>

        <para>
            If noreply is provided, server will not return a response. Otherwise it will return true if size of the
            multimap is changed after remove operation, false otherwise.
        </para>
    </sect2>

    <sect2 xml:id="MMVALUECOUNT" version="5.0" xmlns="http://docbook.org/ns/docbook">
        <title>MMVALUECOUNT</title>

        <para>
            Stores a key-value pair in the multimap
        </para>

        <para>
            <emphasis role="bold">COMMAND:</emphasis>
        </para>

        <programlisting language="java"><![CDATA[
        MMVALUECOUNT <name> #1
        <size of key in bytes>
        <key in bytes>
        ]]></programlisting>

        <para>
            <emphasis role="bold">Return value:</emphasis>
        </para>
        <programlisting language="java"><![CDATA[
        OK <countofvalues>
            ]]></programlisting>

        <para>
            Will return number of values associated with the key.
        </para>
    </sect2>
</sect1>
