<?xml version='1.0' encoding='UTF-8'?>
<!--
  ~ Copyright (c) 2008-2013, Hazelcast, Inc. All Rights Reserved.
  ~
  ~ Licensed under the Apache License, Version 2.0 (the "License");
  ~ you may not use this file except in compliance with the License.
  ~ You may obtain a copy of the License at
  ~
  ~ http://www.apache.org/licenses/LICENSE-2.0
  ~
  ~ Unless required by applicable law or agreed to in writing, software
  ~ distributed under the License is distributed on an "AS IS" BASIS,
  ~ WITHOUT WARRANTIES OR CONDITIONS OF ANY KIND, either express or implied.
  ~ See the License for the specific language governing permissions and
  ~ limitations under the License.
  -->

<sect1 xml:id="NativeClient" version="5.0" xmlns="http://docbook.org/ns/docbook"
       xmlns:xi="http://www.w3.org/2001/XInclude"
       xmlns:xlink="http://www.w3.org/1999/xlink"
       xmlns:xsi="http://www.w3.org/2001/XMLSchema-instance"
       xsi:schemaLocation="http://docbook.org/ns/docbook http://www.docbook.org/xml/5.0/xsd/docbook.xsd
       http://www.w3.org/1999/xlink http://www.w3.org/1999/xlink.xsd">
    <title>Native Client</title>
    <para>Native Client enables you to do almost all Hazelcast operations without being a member of the
        cluster. It connects to one of the cluster members and delegates all cluster wide operations
        to it or connects to all of them and delegate operations smartly. When the relied cluster member dies, client will transparently switch to another live
        member.
    </para>
    <para>There can be hundreds, even thousands of clients connected to the cluster. But by default there is 40 threads
    on server side that will handle all the requests. You may want to increase hazelcast.executor.client.thread.count
    property for better performance. </para>
    <para>Imagine a trading application where all the trading data stored and managed in a 10 node
        Hazelcast cluster. Swing/Web applications at traders' desktops can use Native Java Client to
        access and modify the data in the Hazelcast cluster.
    </para>
    <para>Currently Hazelcast has Native Java and C# Client available.
        C# Client implementation has not yet finished as of version 3.
    </para>


    <sect2 xml:id="JavaClient" version="5.0" xmlns="http://docbook.org/ns/docbook">
        <title>Java Client</title>
        <para>You can do almost all hazelcast operations with Java Client. It already implements the
            same interface. You must include hazelcast-client.jar into your classpath.
            <programlisting language="java"><![CDATA[import com.hazelcast.core.HazelcastInstance;
import com.hazelcast.client.HazelcastClient;

import java.util.Map;
import java.util.Collection;


ClientConfig clientConfig = new ClientConfig();
clientConfig.getGroupConfig().setName("dev").setPassword("dev-pass");
clientConfig.addAddress("10.90.0.1", "10.90.0.2:5702");

HazelcastInstance client = HazelcastClient.newHazelcastClient(clientConfig);
//All cluster operations that you can do with ordinary HazelcastInstance
Map<String, Customer> mapCustomers = client.getMap("customers");
mapCustomers.put("1", new Customer("Joe", "Smith"));
mapCustomers.put("2", new Customer("Ali", "Selam"));
mapCustomers.put("3", new Customer("Avi", "Noyan"));

Collection<Customer> colCustomers = mapCustomers.values();
for (Customer customer : colCustomers) {
     // process customer
}
]]></programlisting>
        </para>
    </sect2>
    <sect2 xml:id="CSharpClient" version="5.0" xmlns="http://docbook.org/ns/docbook"
            >
        <title>CSharp Client <superscript>(Enterprise Extensions Only)</superscript></title>
        <para>Not yet implemented as of version 3</para>
        <!--<para>You can use native C# client to connect to the running Hazelcast instances. All you need is to include-->
            <!--Hazelcast.Client.dll into your C# project. The API is very similar to Java native client. Note that C# client-->
            <!--doesn't have automatic reconnection feature. If the node that it connected dies, it will not switch to another member.-->
            <!--User must connect to another member itself.-->
            <!--<programlisting language="CSharp"><![CDATA[-->

<!--using System;-->
<!--using System.Collections.Generic;-->

<!--using Hazelcast.Client;-->
<!--using Hazelcast.Core;-->

<!--ClientConfig clientConfig = new ClientConfig();-->
<!--clientConfig.GroupConfig.Name = "dev";-->
<!--clientConfig.GroupConfig.Password = "dev-pass";-->
<!--clientConfig.addAddress("10.90.0.1");-->

<!--HazelcastClient client = HazelcastClient.newHazelcastClient(clientConfig);-->
<!--//Allmost all cluster operations that you can do with ordinary HazelcastInstance-->
<!--//Note that the Customer class must have Serializable attribute or implement Hazelcast.IO.DataSerializable-->
<!--IMap<String, Customer> mapCustomers = client.getMap("customers");-->
<!--mapCustomers.put("1", new Customer("Joe", "Smith"));-->
<!--mapCustomers.put("2", new Customer("Ali", "Selam"));-->
<!--mapCustomers.put("3", new Customer("Avi", "Noyan"));-->

<!--ICollection<Customer> colCustomers = mapCustomers.values();-->
<!--foreach (Customer customer in colCustomers) {-->
     <!--// process customer-->
<!--}-->
<!--]]></programlisting>-->


        <!--</para>-->
        <!--<para>-->
            <!--You can serialize back and forth Java and C# Objects between C# client and Hazelcast server.-->
            <!--All you need is to have your classes that you want to share to implement DataSerializable both on Java and C#-->
            <!--in the exact same way. And on C# ClientConfig you must set a TypeConverter implementation that will convert-->
            <!--Java Class name into C# Type and vice versa.-->

            <!--A basic TypeConverter might look like this.-->
            <!--<programlisting language="CSharp"><![CDATA[-->

<!--public class MyTypeConverter: Hazelcast.IO.ITypeConverter-->
<!--{-->
    <!--public string getJavaName(Type type)-->
    <!--{-->
        <!--if(type.Equals(typeof(Hazelcast.Client.Examples.MyCSharpClass)))-->
            <!--return "com.hazelcast.examples.MyClass";-->

        <!--return null;-->
    <!--}-->

    <!--public Type getType(String javaName)-->
    <!--{-->
        <!--if("com.hazelcast.examples.MyClass".Equals(javaName))-->
            <!--return typeof(Hazelcast.Client.Examples.MyCSharpClass);-->

        <!--return null;-->
    <!--}-->
<!--}-->

            <!--]]></programlisting>-->

            <!--A basic MyCSharpClass implementing DataSerializable-->

            <!--<programlisting language="CSharp"><![CDATA[-->

<!--using System;-->
<!--using Hazelcast.IO;-->

<!--public class MyCSharpClass: Hazelcast.IO.DataSerializable-->
<!--{-->
    <!--String field1 = "";-->
    <!--int field2;-->

    <!--public MyCSharpClass ()-->
    <!--{-->
    <!--}-->

    <!--public MyCSharpClass (String f1, int f2)-->
    <!--{-->
        <!--this.field1 = f1;-->
        <!--this.field2 = f2;-->
    <!--}-->

    <!--public void writeData(IDataOutput dout){-->
        <!--dout.writeUTF(field1);-->
        <!--dout.writeInt(field2);-->
    <!--}-->

    <!--public void readData(IDataInput din){-->
        <!--field1 = din.readUTF();-->
        <!--field2 = din.readInt();-->
    <!--}-->
<!--}-->

            <!--]]></programlisting>-->
        <!--</para>-->
    </sect2>
</sect1>
