<?xml version='1.0' encoding='UTF-8'?>
<!--
  ~ Copyright (c) 2008-2013, Hazelcast, Inc. All Rights Reserved.
  ~
  ~ Licensed under the Apache License, Version 2.0 (the "License");
  ~ you may not use this file except in compliance with the License.
  ~ You may obtain a copy of the License at
  ~
  ~ http://www.apache.org/licenses/LICENSE-2.0
  ~
  ~ Unless required by applicable law or agreed to in writing, software
  ~ distributed under the License is distributed on an "AS IS" BASIS,
  ~ WITHOUT WARRANTIES OR CONDITIONS OF ANY KIND, either express or implied.
  ~ See the License for the specific language governing permissions and
  ~ limitations under the License.
  -->

<sect1 xml:id="QueueCommands" version='5.0' xmlns='http://docbook.org/ns/docbook'
       xmlns:xsi="http://www.w3.org/2001/XMLSchema-instance"
       xsi:schemaLocation="http://docbook.org/ns/docbook http://www.docbook.org/xml/5.0/xsd/docbook.xsd">
    <title>Queue Commands</title>
    QOFFER, QPOLL, QSIZE, QPEEK, QREMOVE, QREMCAPACITY, QENTRIES, QLISTEN, QREMOVELISTENER

    <sect2 xml:id="QOFFER" version="5.0" xmlns="http://docbook.org/ns/docbook">
        <title>QOFFER</title>

        <para>
            Inserts the specified element into this queue, waiting up to the specified wait time if necessary for
            space to become available
        </para>

        <para>
            <emphasis role="bold">COMMAND:</emphasis>
        </para>

        <programlisting language="java"><![CDATA[
        QOFFER <name> <timeout> [noreply] #1
        <size of element in bytes>
        <element in bytes>
        ]]></programlisting>

        <para>
            0 timeout value means don't wait.
        </para>


        <para>
            <emphasis role="bold">Return value:</emphasis>
        </para>
        <programlisting language="java"><![CDATA[
        OK <added?>
            ]]></programlisting>

        <para>
            If noreply is provided, server will not return a response. Otherwise it will return true if the insertion is
            successful.
        </para>
    </sect2>

    <sect2 xml:id="QPUT" version="5.0" xmlns="http://docbook.org/ns/docbook">
        <title>QPUT</title>

        <para>
            Inserts the specified element into this queue, waiting if necessary for space to become available.
        </para>

        <para>
            <emphasis role="bold">COMMAND:</emphasis>
        </para>

        <programlisting language="java"><![CDATA[
        QPUT <name> [noreply] #1
        <size of element in bytes>
        <element in bytes>
        ]]></programlisting>


        <para>
            <emphasis role="bold">Return value:</emphasis>
        </para>
        <para>
            If noreply is provided, server will not return a response. Otherwise it will return OK.
        </para>
    </sect2>

    <sect2 xml:id="QPOLL" version="5.0" xmlns="http://docbook.org/ns/docbook">
        <title>QPOLL</title>

        <para>
            Retrieves and removes the head of this queue, waiting up to the specified wait time if necessary for an
            element to become available.
        </para>

        <para>
            <emphasis role="bold">COMMAND:</emphasis>
        </para>

        <programlisting language="java"><![CDATA[
        QPOLL <name> <timeout>
        ]]></programlisting>


        <para>
            0 timeout means do not wait at all.
        </para>

        <para>
            <emphasis role="bold">Return value:</emphasis>
        </para>
        <programlisting language="java"><![CDATA[
        OK #1
        <size of element in bytes>
        <element in bytes>
            ]]></programlisting>

        <para>
            Will return the entry if successfully retrieved.
        </para>
    </sect2>

    <sect2 xml:id="QTAKE" version="5.0" xmlns="http://docbook.org/ns/docbook">
        <title>QPOLL</title>

        <para>
            Retrieves and removes the head of this queue, waiting if necessary until an element becomes available.
        </para>

        <para>
            <emphasis role="bold">COMMAND:</emphasis>
        </para>

        <programlisting language="java"><![CDATA[
        QTAKE <name>
        ]]></programlisting>

        <para>
            <emphasis role="bold">Return value:</emphasis>
        </para>
        <programlisting language="java"><![CDATA[
        OK #1
        <size of element in bytes>
        <element in bytes>
            ]]></programlisting>
    </sect2>

    <sect2 xml:id="QSIZE" version="5.0" xmlns="http://docbook.org/ns/docbook">
        <title>QSIZE</title>

        <para>
            Returns the size of the queue.
        </para>

        <para>
            <emphasis role="bold">COMMAND:</emphasis>
        </para>

        <programlisting language="java"><![CDATA[
        QSIZE <name>
        ]]></programlisting>

        <para>
            <emphasis role="bold">Return value:</emphasis>
        </para>
        <programlisting language="java"><![CDATA[
        OK <size>
            ]]></programlisting>
    </sect2>

    <sect2 xml:id="QPEEK" version="5.0" xmlns="http://docbook.org/ns/docbook">
        <title>QPEEK</title>

        <para>
            Retrieves, but does not remove, the head of this queue, or returns null if this queue is empty.
        </para>

        <para>
            <emphasis role="bold">COMMAND:</emphasis>
        </para>

        <programlisting language="java"><![CDATA[
        QPEEK <name>
        ]]></programlisting>

        <para>
            <emphasis role="bold">Return value:</emphasis>
        </para>
        <programlisting language="java"><![CDATA[
        OK #1
        <size of element in bytes>
        <element in bytes>
            ]]></programlisting>
    </sect2>

    <sect2 xml:id="QREMOVE" version="5.0" xmlns="http://docbook.org/ns/docbook">
        <title>QREMOVE</title>

        <para>
            Removes a single instance of the specified element from this queue, if it is present.
        </para>

        <para>
            <emphasis role="bold">COMMAND:</emphasis>
        </para>

        <programlisting language="java"><![CDATA[
        QREMOVE <name> [noreply] #1
        <size of element in bytes>
        <element in bytes>
        ]]></programlisting>

        <para>
            <emphasis role="bold">Return value:</emphasis>
        </para>
        <programlisting language="java"><![CDATA[
        OK <removed?>
        ]]></programlisting>

        <para>
            If noreply is provided, server will not return a response. Otherwise it will return true if the element
            present in the queue
        </para>
    </sect2>

    <sect2 xml:id="QREMCAPACITY" version="5.0" xmlns="http://docbook.org/ns/docbook">
        <title>QREMCAPACITY</title>

        <para>
            Returns the remaining capacity of the queue.
        </para>

        <para>
            <emphasis role="bold">COMMAND:</emphasis>
        </para>

        <programlisting language="java"><![CDATA[
        QREMCAPACITY <name>
        ]]></programlisting>

        <para>
            <emphasis role="bold">Return value:</emphasis>
        </para>
        <programlisting language="java"><![CDATA[
        OK <remainingcapacity>
            ]]></programlisting>
    </sect2>

    <sect2 xml:id="QENTRIES" version="5.0" xmlns="http://docbook.org/ns/docbook">
        <title>QENTRIES</title>

        <para>
            Returns the entries of the queue without removing them.
        </para>

        <para>
            <emphasis role="bold">COMMAND:</emphasis>
        </para>

        <programlisting language="java"><![CDATA[
        QENTRIES <name>
        ]]></programlisting>

        <para>
            <emphasis role="bold">Return value:</emphasis>
        </para>
        <programlisting language="java"><![CDATA[
        OK #N
        <size of element1> ... <size of elementN>
        <element1 in bytes>...<elementN in bytes>
            ]]></programlisting>
    </sect2>

    <sect2 xml:id="QLISTEN" version="5.0" xmlns="http://docbook.org/ns/docbook">
        <title>QLISTEN</title>

        <para>
            Adds an entry listener for this map. Listener will get notified
            for all Queue add and remove events.
        </para>

        <para>
            <emphasis role="bold">COMMAND:</emphasis>
        </para>

        <programlisting language="java"><![CDATA[
        QLISTEN <name> <includevalue> [noreply]
        ]]></programlisting>

        <para>
            <emphasis role="bold">Return value:</emphasis>
        </para>

            <para>
                After adding the listener. The following events will be received from the server.
            </para>
<!---->
            <para>
                <emphasis role="bold">EVENT:</emphasis>
            </para>

            <programlisting language="java"><![CDATA[
        EVENT <name> <eventType> <address of the source member> #1
        <size of element in bytes>
        <element in bytes>
            ]]></programlisting>
            <para>
                eventType is one of the following: ADDED, REMOVED. Depending on includevalue the element may not be returned at all.
            </para>
    </sect2>

    <sect2 xml:id="QREMOVELISTENER" version="5.0" xmlns="http://docbook.org/ns/docbook">
        <title>QREMOVELISTENER</title>

        <para>
            Adds an entry listener for this map. Listener will get notified
            for all map add/remove/update/evict events.
        </para>

        <para>
            <emphasis role="bold">COMMAND:</emphasis>
        </para>

        <programlisting language="java"><![CDATA[
        QREMOVELISTENER <name> [noreply]
        ]]></programlisting>

        <para>
            <emphasis role="bold">Return value:</emphasis>
        </para>
        <para>
            OK will return.
        </para>
    </sect2>

</sect1>

