<?xml version='1.0' encoding='UTF-8'?>
<!--
  ~ Copyright (c) 2008-2013, Hazelcast, Inc. All Rights Reserved.
  ~
  ~ Licensed under the Apache License, Version 2.0 (the "License");
  ~ you may not use this file except in compliance with the License.
  ~ You may obtain a copy of the License at
  ~
  ~ http://www.apache.org/licenses/LICENSE-2.0
  ~
  ~ Unless required by applicable law or agreed to in writing, software
  ~ distributed under the License is distributed on an "AS IS" BASIS,
  ~ WITHOUT WARRANTIES OR CONDITIONS OF ANY KIND, either express or implied.
  ~ See the License for the specific language governing permissions and
  ~ limitations under the License.
  -->

<sect1 xml:id="TopicCommands" version='5.0' xmlns='http://docbook.org/ns/docbook'
       xmlns:xi="http://www.w3.org/2001/XInclude"
       xmlns:xlink="http://www.w3.org/1999/xlink"
       xmlns:xsi="http://www.w3.org/2001/XMLSchema-instance"
       xsi:schemaLocation="http://docbook.org/ns/docbook http://www.docbook.org/xml/5.0/xsd/docbook.xsd
       http://www.w3.org/1999/xlink http://www.w3.org/1999/xlink.xsd">
    <title>Topic Commands</title>
    TPUBLISH


    <sect2 xml:id="TPUBLISH" version="5.0" xmlns="http://docbook.org/ns/docbook">
        <title>TPUBLISH</title>

        <para>
            Adds the specified element to this set if it is not already present
        </para>

        <para>
            <emphasis role="bold">COMMAND:</emphasis>
        </para>

        <programlisting language="java"><![CDATA[
        TPUBLISH <name> #1
        <size of message in bytes>
        <message in bytes>
        ]]></programlisting>

        <para>
            <emphasis role="bold">Return value:</emphasis>
        </para>

        <para>
            No return value. Topic publish is a fire and forget operations.
        </para>
    </sect2>
    <sect2 xml:id="TLISTEN" version="5.0" xmlns="http://docbook.org/ns/docbook">
        <title>TLISTEN</title>

        <para>
            Listen's to the messages published to the topic.
        </para>

        <para>
            <emphasis role="bold">COMMAND:</emphasis>
        </para>

        <programlisting language="java"><![CDATA[
        TLISTEN <name>
        ]]></programlisting>

        <para>
            <emphasis role="bold">Return value:</emphasis>
        </para>

        <para>
            <programlisting language="java"><![CDATA[
        MESSAGE <name> #1
        <size of message in bytes>
        <message in bytes>

            ]]></programlisting>
        </para>
    </sect2>
</sect1>
