<?xml version='1.0' encoding='UTF-8'?>
<!--
  ~ Copyright (c) 2008-2013, Hazelcast, Inc. All Rights Reserved.
  ~
  ~ Licensed under the Apache License, Version 2.0 (the "License");
  ~ you may not use this file except in compliance with the License.
  ~ You may obtain a copy of the License at
  ~
  ~ http://www.apache.org/licenses/LICENSE-2.0
  ~
  ~ Unless required by applicable law or agreed to in writing, software
  ~ distributed under the License is distributed on an "AS IS" BASIS,
  ~ WITHOUT WARRANTIES OR CONDITIONS OF ANY KIND, either express or implied.
  ~ See the License for the specific language governing permissions and
  ~ limitations under the License.
  -->

<sect1 xml:id="ConfigGroup" version='5.0' xmlns='http://docbook.org/ns/docbook'
       xmlns:xi="http://www.w3.org/2001/XInclude"
       xmlns:xlink="http://www.w3.org/1999/xlink"
       xmlns:xsi="http://www.w3.org/2001/XMLSchema-instance"
       xsi:schemaLocation="http://docbook.org/ns/docbook http://www.docbook.org/xml/5.0/xsd/docbook.xsd
       http://www.w3.org/1999/xlink http://www.w3.org/1999/xlink.xsd">
    <title>Creating Separate Clusters</title>
    <para>
        By specifying group-name and group-password, you can separate your clusters in a simple way; dev group,
        production group, test group, app-a group etc...

        <programlisting language="xml"><![CDATA[<hazelcast>
    <group>
        <name>dev</name>
        <password>dev-pass</password>
    </group>
    ...
</hazelcast>
]]></programlisting>

    </para>
    <para>
        You can also set the groupName with
        <literal>Config</literal>
        API.
        JVM can host multiple Hazelcast instances (nodes).
        Each node can only participate in one group and it only joins to
        its own group, does not mess with others. Following code creates 3 separate
        Hazelcast nodes,
        <literal>h1</literal>
        belongs to
        <literal>app1</literal>
        cluster, while
        <literal>h2</literal>
        and
        <literal>h3</literal>
        are belong to
        <literal>app2</literal>
        cluster.
        <programlisting language="java"><![CDATA[
Config configApp1 = new Config();
configApp1.getGroupConfig().setName("app1");

Config configApp2 = new Config();
configApp2.getGroupConfig().setName("app2");

HazelcastInstance h1 = Hazelcast.newHazelcastInstance(configApp1);
HazelcastInstance h2 = Hazelcast.newHazelcastInstance(configApp2);
HazelcastInstance h3 = Hazelcast.newHazelcastInstance(configApp2);
]]></programlisting>
    </para>
</sect1>
