<?xml version='1.0' encoding='UTF-8'?>
<!--
  ~ Copyright (c) 2008-2013, Hazelcast, Inc. All Rights Reserved.
  ~
  ~ Licensed under the Apache License, Version 2.0 (the "License");
  ~ you may not use this file except in compliance with the License.
  ~ You may obtain a copy of the License at
  ~
  ~ http://www.apache.org/licenses/LICENSE-2.0
  ~
  ~ Unless required by applicable law or agreed to in writing, software
  ~ distributed under the License is distributed on an "AS IS" BASIS,
  ~ WITHOUT WARRANTIES OR CONDITIONS OF ANY KIND, either express or implied.
  ~ See the License for the specific language governing permissions and
  ~ limitations under the License.
  -->

<sect1 xml:id="EnterpriseConfig" version="5.0" xmlns="http://docbook.org/ns/docbook"
       xmlns:xi="http://www.w3.org/2001/XInclude"
       xmlns:xlink="http://www.w3.org/1999/xlink"
       xmlns:xsi="http://www.w3.org/2001/XMLSchema-instance"
       xsi:schemaLocation="http://docbook.org/ns/docbook http://www.docbook.org/xml/5.0/xsd/docbook.xsd
       http://www.w3.org/1999/xlink http://www.w3.org/1999/xlink.xsd">
    <title>Setting License Key <superscript>(Enterprise Extensions Only)</superscript></title>
    <para>To be able to use Enterprise Extensions, you need to set license key in configuration.</para>
    <para>
        <itemizedlist>
            <listitem>
                <para><emphasis role="bold">Hazelcast XML Configuration</emphasis> </para>
                <para>
                    <programlisting language="xml">
<![CDATA[<hazelcast>
    ...
    <license-key>HAZELCAST_ENTERPRISE_LICENSE_KEY</license-key>
    ...
</hazelcast>]]></programlisting>
                </para>
            </listitem>

            <listitem>
                <para><emphasis role="bold">Hazelcast Config API</emphasis> </para>
                <para>
                    <programlisting language="java">
Config config = new Config();
config.setLicenseKey("HAZELCAST_ENTERPRISE_LICENSE_KEY");
</programlisting>
                </para>
            </listitem>

            <listitem>
                <para><emphasis role="bold">Spring XML Configuration</emphasis> </para>
                <para>
                    <programlisting language="xml">
<![CDATA[<hz:config>
    ...
    <hz:license-key>HAZELCAST_ENTERPRISE_LICENSE_KEY</hz:license-key>
    ...
</hazelcast>]]></programlisting>
                </para>
            </listitem>

            <listitem>
                <para><emphasis role="bold">JVM System Property</emphasis> </para>
                <para>
                    <programlisting language="xml">-Dhazelcast.enterprise.license.key=HAZELCAST_ENTERPRISE_LICENSE_KEY</programlisting>
                </para>
            </listitem>
        </itemizedlist>
    </para>
</sect1>
