<?xml version='1.0' encoding='UTF-8'?>
<!--
  ~ Copyright (c) 2008-2013, Hazelcast, Inc. All Rights Reserved.
  ~
  ~ Licensed under the Apache License, Version 2.0 (the "License");
  ~ you may not use this file except in compliance with the License.
  ~ You may obtain a copy of the License at
  ~
  ~ http://www.apache.org/licenses/LICENSE-2.0
  ~
  ~ Unless required by applicable law or agreed to in writing, software
  ~ distributed under the License is distributed on an "AS IS" BASIS,
  ~ WITHOUT WARRANTIES OR CONDITIONS OF ANY KIND, either express or implied.
  ~ See the License for the specific language governing permissions and
  ~ limitations under the License.
  -->

<sect1 xml:id="WildcardConfiguration" version="5.0" xmlns="http://docbook.org/ns/docbook"
       xmlns:xi="http://www.w3.org/2001/XInclude"
       xmlns:xlink="http://www.w3.org/1999/xlink"
       xmlns:xsi="http://www.w3.org/2001/XMLSchema-instance"
       xsi:schemaLocation="http://docbook.org/ns/docbook http://www.docbook.org/xml/5.0/xsd/docbook.xsd
       http://www.w3.org/1999/xlink http://www.w3.org/1999/xlink.xsd">
    <title>Wildcard Configuration</title>
    <para>Hazelcast supports wildcard configuration of Maps, Queues and Topics. Using an asterisk
        (*) character in the name, different instances of Maps, Queues and Topics can be configured
        by a single configuration.
    </para>
    <para>Note that, with a limitation of a single usage, asterisk (*) can be placed anywhere
        inside the configuration name.
    </para>
    <para>For instance a map named '<code>com.hazelcast.test.mymap</code>' can be configured using one of
        these configurations;
    </para>
    <para>
        <programlisting language="xml"><![CDATA[<map name="com.hazelcast.test.*">
...
</map>]]></programlisting>
        <programlisting language="xml"><![CDATA[<map name="com.hazel*">
...
</map>]]></programlisting>
        <programlisting language="xml"><![CDATA[<map name="*.test.mymap">
...
</map>]]></programlisting>
        <programlisting language="xml"><![CDATA[<map name="com.*test.mymap">
...
</map>]]></programlisting>

        Or a queue '<code>com.hazelcast.test.myqueue</code>'
        <programlisting language="xml"><![CDATA[<queue name="*hazelcast.test.myqueue">
...
</queue>]]></programlisting>
        <programlisting language="xml"><![CDATA[<queue name="com.hazelcast.*.myqueue">
...
</queue>]]></programlisting>
    </para>
</sect1>
