<?xml version='1.0' encoding='UTF-8'?>
<!--
  ~ Copyright (c) 2008-2013, Hazelcast, Inc. All Rights Reserved.
  ~
  ~ Licensed under the Apache License, Version 2.0 (the "License");
  ~ you may not use this file except in compliance with the License.
  ~ You may obtain a copy of the License at
  ~
  ~ http://www.apache.org/licenses/LICENSE-2.0
  ~
  ~ Unless required by applicable law or agreed to in writing, software
  ~ distributed under the License is distributed on an "AS IS" BASIS,
  ~ WITHOUT WARRANTIES OR CONDITIONS OF ANY KIND, either express or implied.
  ~ See the License for the specific language governing permissions and
  ~ limitations under the License.
  -->

<sect1 xml:id="Todo" version='5.0' xmlns='http://docbook.org/ns/docbook'
       xmlns:xi="http://www.w3.org/2001/XInclude"
       xmlns:xlink="http://www.w3.org/1999/xlink"
       xmlns:xsi="http://www.w3.org/2001/XMLSchema-instance"
       xsi:schemaLocation="http://docbook.org/ns/docbook http://www.docbook.org/xml/5.0/xsd/docbook.xsd
       http://www.w3.org/1999/xlink http://www.w3.org/1999/xlink.xsd">
    <title>Planned Features</title>
    <para>Random order of planned features.
        <itemizedlist>
            <listitem>
                <para>Native C++ Client</para>
            </listitem>
            <listitem>
                <para>Ready-to-go Hazelcast Cache Server Image for Amazon EC2</para>
            </listitem>
            <listitem>
                <para>Symmetric Encryption for Java Client</para>
            </listitem>
            <listitem>
                <para>Distributed
                    <literal>java.util.concurrent.DelayQueue</literal>
                    implementation.
                </para>
            </listitem>
            <listitem>
                <para>Distributed Tree implementation.</para>
            </listitem>
            <listitem>
                <para>Distributed Tuple implementation.</para>
            </listitem>
            <listitem>
                <para>Built-in file based storage.</para>
            </listitem>
        </itemizedlist>
    </para>
</sect1>
