<?xml version='1.0' encoding='UTF-8'?>
<!--
  ~ Copyright (c) 2008-2013, Hazelcast, Inc. All Rights Reserved.
  ~
  ~ Licensed under the Apache License, Version 2.0 (the "License");
  ~ you may not use this file except in compliance with the License.
  ~ You may obtain a copy of the License at
  ~
  ~ http://www.apache.org/licenses/LICENSE-2.0
  ~
  ~ Unless required by applicable law or agreed to in writing, software
  ~ distributed under the License is distributed on an "AS IS" BASIS,
  ~ WITHOUT WARRANTIES OR CONDITIONS OF ANY KIND, either express or implied.
  ~ See the License for the specific language governing permissions and
  ~ limitations under the License.
  -->

<sect1 xml:id="DistributedExecution" version='5.0' xmlns='http://docbook.org/ns/docbook'
       xmlns:xi="http://www.w3.org/2001/XInclude"
       xmlns:xlink="http://www.w3.org/1999/xlink"
       xmlns:xsi="http://www.w3.org/2001/XMLSchema-instance"
       xsi:schemaLocation="http://docbook.org/ns/docbook http://www.docbook.org/xml/5.0/xsd/docbook.xsd
       http://www.w3.org/1999/xlink http://www.w3.org/1999/xlink.xsd">
    <title>Distributed Execution</title>
    <para>Distributed executor service is a distributed implementation of java.util.concurrent.ExecutorService.
        It allows you to execute your code in cluster. In this chapter, all the code samples are based on the Echo class
        above.
        Please note that Echo class is
        <literal>Serializable</literal>
        .
        You can ask Hazelcast to execute your code (<literal>Runnable, Callable</literal>):
        <itemizedlist>
            <listitem>
                <para>on a specific cluster member you choose.
                </para>
            </listitem>
            <listitem>
                <para>on the member owning the key you choose.
                </para>
            </listitem>
            <listitem>
                <para>on the member Hazelcast will pick.
                </para>
            </listitem>
            <listitem>
                <para>on all or subset of the cluster members.
                </para>
            </listitem>
        </itemizedlist>
        <programlisting language="java"><![CDATA[import com.hazelcast.core.Member;
import com.hazelcast.core.Hazelcast;
import com.hazelcast.core.IExecutorService;
import java.util.concurrent.Callable;
import java.util.concurrent.Future;   
import java.util.Set;
import com.hazelcast.config.Config;


public void echoOnTheMember(String input, Member member) throws Exception {
   Callable<String> task = new Echo(input);
   HazelcastInstance hz = Hazelcast.newHazelcastInstance();
   IExecutorService executorService = hz.getExecutorService("default");
   Future<String> future = executorService.submitToMember(task, member);
   String echoResult = future.get();
}

public void echoOnTheMemberOwningTheKey(String input, Object key) throws Exception {
   Callable<String> task = new Echo(input);
   HazelcastInstance hz = Hazelcast.newHazelcastInstance();
   IExecutorService executorService = hz.getExecutorService("default");
   Future<String> future = executorService.submitToKeyOwner(task, key);
   String echoResult = future.get();
}

public void echoOnSomewhere(String input) throws Exception { 
   HazelcastInstance hz = Hazelcast.newHazelcastInstance();
   IExecutorService executorService = hz.getExecutorService("default");
   Future<String> future = executorService.submit(new Echo(input));
   String echoResult = future.get();
}

public void echoOnMembers(String input, Set<Member> members) throws Exception {
   HazelcastInstance hz = Hazelcast.newHazelcastInstance();
   IExecutorService executorService = hz.getExecutorService("default");
   Map<Member, Future<String>> futures = executorService.submitToMembers(new Echo(input), members);
   for (Future<String> future : futures.values()) {
        String echoResult = future.get();
        // ...
   }
}
]]></programlisting>
        Note that you can obtain the set of cluster members via
        <literal>Hazelcast.getCluster().getMembers()</literal> call.
    </para>
</sect1>
