<?xml version="1.0" encoding="UTF-8"?>
<!--
  ~ Copyright 2009-2013 Roland Huss
  ~
  ~ Licensed under the Apache License, Version 2.0 (the "License");
  ~ you may not use this file except in compliance with the License.
  ~ You may obtain a copy of the License at
  ~
  ~       http://www.apache.org/licenses/LICENSE-2.0
  ~
  ~ Unless required by applicable law or agreed to in writing, software
  ~ distributed under the License is distributed on an "AS IS" BASIS,
  ~ WITHOUT WARRANTIES OR CONDITIONS OF ANY KIND, either express or implied.
  ~ See the License for the specific language governing permissions and
  ~ limitations under the License.
  -->

<document xmlns="http://maven.apache.org/XDOC/2.0"
  xmlns:xsi="http://www.w3.org/2001/XMLSchema-instance"
  xsi:schemaLocation="http://maven.apache.org/XDOC/2.0 http://maven.apache.org/xsd/xdoc-2.0.xsd">
  
  <properties>
    <title>Secure</title>
    <author email="roland@jolokia.org">Roland Huss</author>
  </properties>

  <body>
    <section name="Secure">
      <div class="feature_icon_large">
        <img src="../images/features/secure_large.png" alt="Security"/>
      </div>
      <p>
        Security in Jolokia is provided on two levels: The transport
        channel (HTTP) is secured the standard way as it is defined in
        the JEE specifications. The agent itself can be configured to
        use a very fine grained policy which can restrict access on
        the MBean level for various parameters.
      </p>
      <p>
        In especially, the policy can restrict access to:
      </p>
      <ul>
        <li>certain client host IPs or subnets</li>
        <li>certain Jolokia operations (read, exec, list, search)</li>
        <li>specific MBean attributes (read and write) and operations</li>
      </ul>
      <p>
        The security definitions support a wildcard notation and
        allow/deny sections similar to the security setup of an Apache
        HTTP-Server. 
      </p>
      <subsection name="Example">
        <p>
          The following example shows a sample policy file:
        </p>
        <pre class="prettyprint"><![CDATA[
<restrict>

  <remote>
    <host>127.0.0.1</host>
    <host>localhost</host>
    <host>10.0.0.0/16</host>
  </remote>
  
  <cors>
    <allow-origin>http://www.jmx4perl.org</allow-origin>
    <allow-origin>*.jolokia.org</allow-origin>
  </cors>

  <commands>
    <command>read</command>
    <command>write</command>
  </commands>

  <allow>

    <mbean>
      <name>java.lang:type=Memory</name>
      <attribute mode="read">Verbose</attribute>
      <operation>gc</operation>
    </mbean>

    <mbean>
      <name>jolokia:type=Config</name>
      <operation>*</operation>
    </mbean>
    <mbean>
      <name>java.lang:type=Threading</name>
      <operation>findDeadlockedThreads</operation>
    </mbean>
  </allow>

  <deny>
    <mbean>
      <name>com.mchange.v2.c3p0:type=PooledDataSource,*</name>
      <attribute>properties</attribute>
    </mbean>
  </deny>
</restrict>
]]></pre>
        <p>
          This sample policy contains a ist of remote hosts which are
          allowed to access this agent. The name can be given as IP or
          FQDN. A  subnetmask can be given, too, for specifying a subnet
          for the access. The netmask can be given either in CIDR format
          (e.g "/16") or as a full netmask (e.g. "/255.255.0.0").
        </p>
        <p>
          The list of allowed commands, which are given in
          <code>&lt;commands&gt;</code> section determine which Jolokia
          operations are allowed in general.  For each command type
          present, the principle behaviour is allow this command for all
          MBeans. To remove an MBean (attribute/operation), a <code>&lt;deny&gt;</code>
          section has to be added.  For each command type missing, the
          command is disabled by default. For certain MBeans it can be
          selectively be enabled by using an <code>&lt;allow&gt;</code>
          section below. Within the allow and deny sections, MBean names
          and attribute/operation names can be specified with a pattern
          using wildcards (?,*)
        </p>
      </subsection>
      <subsection name="Next">
        <ul>
          <li>
            Jolokia is really <a href="fast.html">fast</a>. See why.
          </li>
          <li>
            Learn more about Jolokia's <a href="proxy.html">Proxy Mode</a> and agentless operation.
          </li>
          <li>
            Go Back to the <a href="../features-nb.html">Features Overview</a>.
          </li>
        </ul>
      </subsection>
    </section>
  </body>    
</document>

