<!--
  ~ Copyright 2009-2013 Roland Huss
  ~
  ~ Licensed under the Apache License, Version 2.0 (the "License");
  ~ you may not use this file except in compliance with the License.
  ~ You may obtain a copy of the License at
  ~
  ~       http://www.apache.org/licenses/LICENSE-2.0
  ~
  ~ Unless required by applicable law or agreed to in writing, software
  ~ distributed under the License is distributed on an "AS IS" BASIS,
  ~ WITHOUT WARRANTIES OR CONDITIONS OF ANY KIND, either express or implied.
  ~ See the License for the specific language governing permissions and
  ~ limitations under the License.
  -->

<assembly>
  <id>source</id>
  <formats>
    <format>tar.gz</format>
    <format>zip</format>
  </formats>
  <fileSets>
    <fileSet>
      <directory>${project.basedir}</directory>
      <useDefaultExcludes>true</useDefaultExcludes>
      <excludes>
        <exclude>**/target/**</exclude>
        <exclude>**/*.xcf</exclude>
        <exclude>**/*.psd</exclude>
        <exclude>design.txt</exclude>
        <exclude>HOWTO_RELEASE</exclude>
        <exclude>TODO</exclude>
        <exclude>**/*.ipr</exclude>
        <exclude>**/*.iws</exclude>
        <exclude>*.pl</exclude>
        <exclude>.gitignore</exclude>
        <exclude>.gitshots/**</exclude>
        <exclude>roo-repository.xml</exclude>
      </excludes>
    </fileSet>
  </fileSets>
</assembly>