<?xml version="1.0" encoding="UTF-8"?>

<deployment xmlns="urn:jboss:bean-deployer:2.0">

    <!-- MBean server -->
   <bean name="MBeanServer" class="javax.management.MBeanServer">
      <constructor factoryClass="java.lang.management.ManagementFactory"
                   factoryMethod="getPlatformMBeanServer"/>
   </bean>

   <!-- The core configuration -->
   <bean name="Configuration" class="org.hornetq.core.config.impl.FileConfiguration"/>

   <!-- The security manager -->
   <bean name="HornetQSecurityManager" class="org.hornetq.spi.core.security.HornetQSecurityManagerImpl">
      <start ignored="true"/>
      <stop ignored="true"/>
   </bean>

   <!-- The core server -->
   <bean name="HornetQServer" class="org.hornetq.core.server.impl.HornetQServerImpl">
      <constructor>
         <parameter>
            <inject bean="Configuration"/>
         </parameter>
         <parameter>
            <inject bean="MBeanServer"/>
         </parameter>
         <parameter>
            <inject bean="HornetQSecurityManager"/>
         </parameter>
      </constructor>
   </bean>


</deployment>
