<?xml version="1.0" encoding="UTF-8"?>
<!--
  ~ Copyright (c) 2008-2013, Hazelcast, Inc. All Rights Reserved.
  ~
  ~ Licensed under the Apache License, Version 2.0 (the "License");
  ~ you may not use this file except in compliance with the License.
  ~ You may obtain a copy of the License at
  ~
  ~ http://www.apache.org/licenses/LICENSE-2.0
  ~
  ~ Unless required by applicable law or agreed to in writing, software
  ~ distributed under the License is distributed on an "AS IS" BASIS,
  ~ WITHOUT WARRANTIES OR CONDITIONS OF ANY KIND, either express or implied.
  ~ See the License for the specific language governing permissions and
  ~ limitations under the License.
  -->

<hazelcast-client xsi:schemaLocation="http://www.hazelcast.com/schema/client-config hazelcast-client-config-3.1.xsd"
           xmlns="http://www.hazelcast.com/schema/client-config"
           xmlns:xsi="http://www.w3.org/2001/XMLSchema-instance">

    <group>
        <name>dev</name>
        <password>dev-pass</password>
    </group>

    <network>
        <cluster-members>
            <address>127.0.0.1</address>
            <address>127.0.0.2</address>
        </cluster-members>
        <smart-routing>true</smart-routing>
        <redo-operation>true</redo-operation>
        <connection-pool-size>30</connection-pool-size>

        <socket-interceptor enabled="false">
            <class-name>com.hazelcast.examples.MySocketInterceptor</class-name>
            <properties>
                <property name="foo">bar</property>
            </properties>
        </socket-interceptor>

    </network>

    <executor-pool-size>40</executor-pool-size>


    <security>
        <username>USER_NAME</username>
        <password>PASSWORD</password>
    </security>

    <listeners>
        <listener>com.hazelcast.examples.MembershipListener</listener>
        <listener>com.hazelcast.examples.InstanceListener</listener>
        <listener>com.hazelcast.examples.MigrationListener</listener>
    </listeners>

    <serialization>
        <portable-version>0</portable-version>
        <data-serializable-factories>
            <data-serializable-factory factory-id="1">com.hazelcast.examples.DataSerializableFactory</data-serializable-factory>
        </data-serializable-factories>
        <portable-factories>
            <portable-factory factory-id="1">com.hazelcast.examples.PortableFactory</portable-factory>
        </portable-factories>
        <serializers>
            <global-serializer>com.hazelcast.examples.GlobalSerializerFactory</global-serializer>
            <serializer type-class="com.hazelcast.examples.DummyType">com.hazelcast.examples.SerializerFactory</serializer>
        </serializers>
        <check-class-def-errors>true</check-class-def-errors>
    </serialization>

    <proxy-factories>
        <proxy-factory class-name="com.hazelcast.examples.ProxyXYZ1" service="sampleService1" />
        <proxy-factory class-name="com.hazelcast.examples.ProxyXYZ2" service="sampleService1" />
        <proxy-factory class-name="com.hazelcast.examples.ProxyXYZ3" service="sampleService3" />

    </proxy-factories>

    <load-balancer type="random" ></load-balancer>

    <near-cache name="asd">
        <max-size>2000</max-size>
        <time-to-live-seconds>100</time-to-live-seconds>
        <max-idle-seconds>100</max-idle-seconds>
        <eviction-policy>LFU</eviction-policy>
        <invalidate-on-change>true</invalidate-on-change>
        <in-memory-format>OBJECT</in-memory-format>
    </near-cache>



</hazelcast-client>
