<!--

    Copyright (c) 2012, Ben Fortuna
    All rights reserved.

    Redistribution and use in source and binary forms, with or without
    modification, are permitted provided that the following conditions
    are met:

     o Redistributions of source code must retain the above copyright
    notice, this list of conditions and the following disclaimer.

     o Redistributions in binary form must reproduce the above copyright
    notice, this list of conditions and the following disclaimer in the
    documentation and/or other materials provided with the distribution.

     o Neither the name of Ben Fortuna nor the names of any other contributors
    may be used to endorse or promote products derived from this software
    without specific prior written permission.

    THIS SOFTWARE IS PROVIDED BY THE COPYRIGHT HOLDERS AND CONTRIBUTORS
    "AS IS" AND ANY EXPRESS OR IMPLIED WARRANTIES, INCLUDING, BUT NOT
    LIMITED TO, THE IMPLIED WARRANTIES OF MERCHANTABILITY AND FITNESS FOR
    A PARTICULAR PURPOSE ARE DISCLAIMED. IN NO EVENT SHALL THE COPYRIGHT OWNER OR
    CONTRIBUTORS BE LIABLE FOR ANY DIRECT, INDIRECT, INCIDENTAL, SPECIAL,
    EXEMPLARY, OR CONSEQUENTIAL DAMAGES (INCLUDING, BUT NOT LIMITED TO,
    PROCUREMENT OF SUBSTITUTE GOODS OR SERVICES; LOSS OF USE, DATA, OR
    PROFITS; OR BUSINESS INTERRUPTION) HOWEVER CAUSED AND ON ANY THEORY OF
    LIABILITY, WHETHER IN CONTRACT, STRICT LIABILITY, OR TORT (INCLUDING
    NEGLIGENCE OR OTHERWISE) ARISING IN ANY WAY OUT OF THE USE OF THIS
    SOFTWARE, EVEN IF ADVISED OF THE POSSIBILITY OF SUCH DAMAGE.

-->
<assembly>
	<id>src</id>
	<formats>
		<format>tar.gz</format>
		<format>tar.bz2</format>
		<format>zip</format>
	</formats>
	<fileSets>
		<fileSet>
			<includes>
				<include>README</include>
				<include>LICENSE</include>
				<include>CHANGELOG</include>
				<include>AUTHORS</include>
				<include>pom.xml</include>
				<include>build.xml</include>
				<include>build.properties.sample</include>
			</includes>
		</fileSet>
		<fileSet>
			<directory>etc</directory>
			<outputDirectory>etc</outputDirectory>
			<includes>
				<include>FAQ</include>
				<include>TODO</include>
				<include>rfc2445.txt</include>
				<include>rfc2446.txt</include>
				<include>standard_deviations.txt</include>
				<include>samples/**</include>
				<include>zoneinfo*/**</include>
				<include>checkstyle.xml</include>
			</includes>
		</fileSet>
		<fileSet>
			<directory>src</directory>
			<outputDirectory>src</outputDirectory>
		</fileSet>
		<fileSet>
			<directory>target/site/apidocs</directory>
			<outputDirectory>docs/apidocs</outputDirectory>
		</fileSet>
		<fileSet>
			<directory>docs</directory>
			<outputDirectory>docs</outputDirectory>
			<includes>
				<include>*.html</include>
				<include>css/*.css</include>
			</includes>
		</fileSet>
		<fileSet>
			<directory>target</directory>
			<outputDirectory>lib</outputDirectory>
			<includes>
				<include>${project.finalName}.jar</include>
			</includes>
		</fileSet>
	</fileSets>
	<dependencySets>
		<dependencySet>
			<outputDirectory>lib</outputDirectory>
			<unpack>false</unpack>
			<scope>test</scope>
		</dependencySet>
	</dependencySets>
</assembly>
