<?xml version='1.0' encoding='UTF-8'?>

<!--
  ~ Copyright (c) 2008-2013, Hazelcast, Inc. All Rights Reserved.
  ~
  ~ Licensed under the Apache License, Version 2.0 (the "License");
  ~ you may not use this file except in compliance with the License.
  ~ You may obtain a copy of the License at
  ~
  ~ http://www.apache.org/licenses/LICENSE-2.0
  ~
  ~ Unless required by applicable law or agreed to in writing, software
  ~ distributed under the License is distributed on an "AS IS" BASIS,
  ~ WITHOUT WARRANTIES OR CONDITIONS OF ANY KIND, either express or implied.
  ~ See the License for the specific language governing permissions and
  ~ limitations under the License.
  -->

<sect1 xml:id="SpringContext" version="5.0" xmlns="http://docbook.org/ns/docbook"
       xmlns:xi="http://www.w3.org/2001/XInclude"
       xmlns:xlink="http://www.w3.org/1999/xlink"
       xmlns:xsi="http://www.w3.org/2001/XMLSchema-instance"
       xsi:schemaLocation="http://docbook.org/ns/docbook http://www.docbook.org/xml/5.0/xsd/docbook.xsd
       http://www.w3.org/1999/xlink http://www.w3.org/1999/xlink.xsd">
    <title>Spring Managed Context</title>
    <para>
        It's often desired to access Spring managed beans, to apply bean properties or to apply factory callbacks
        such as <code>ApplicationContextAware</code>, <code>BeanNameAware</code> or to apply bean post-processing
        such as <code>InitializingBean</code>, <code>@PostConstruct</code> like annotations
        while using Hazelcast distributed <code>ExecutorService</code> or more
        generally any Hazelcast managed object. Achieving those features are as simple as adding <code>@SpringAware</code>
        annotation to your distributed object types. Once you have configured HazelcastInstance as explained in
        <link xlink:href="#SpringConfig">Spring configuration</link>,
        just mark any distributed type with <code>@SpringAware</code> annotation.

        <programlisting language="xml"><![CDATA[<beans xmlns="http://www.springframework.org/schema/beans"
       xmlns:xsi="http://www.w3.org/2001/XMLSchema-instance"
       xmlns:context="http://www.springframework.org/schema/context"
       xmlns:hz="http://www.hazelcast.com/schema/spring"
       xsi:schemaLocation="http://www.springframework.org/schema/beans
                http://www.springframework.org/schema/beans/spring-beans-3.0.xsd
		        http://www.springframework.org/schema/context
                http://www.springframework.org/schema/context/spring-context-3.0.xsd
                http://www.hazelcast.com/schema/spring
                http://www.hazelcast.com/schema/spring/hazelcast-spring-3.0.xsd">

    <context:annotation-config />

    <hz:hazelcast id="instance">
        <hz:config>
            <hz:group name="dev" password="password"/>
            <hz:network port="5701" port-auto-increment="false">
                <hz:join>
                    <hz:multicast enabled="false" />
                    <hz:tcp-ip enabled="true">
                        <hz:members>10.10.1.2, 10.10.1.3</hz:members>
                    </hz:tcp-ip>
                </hz:join>
            </hz:network>
            ...
        </hz:config>
    </hz:hazelcast>

    <bean id="someBean" class="com.hazelcast.examples.spring.SomeBean" scope="singleton" />
    ...
</beans>
]]></programlisting>

    <emphasis role="bold">ExecutorService example:</emphasis>

    <programlisting language="java"><![CDATA[
@SpringAware
public class SomeTask implements Callable<Long>, ApplicationContextAware, Serializable {

    private transient ApplicationContext context;

    private transient SomeBean someBean;

    public Long call() throws Exception {
        return someBean.value;
    }

    public void setApplicationContext(final ApplicationContext applicationContext)
        throws BeansException {
        context = applicationContext;
    }

    @Autowired
    public void setSomeBean(final SomeBean someBean) {
        this.someBean = someBean;
    }
}
]]></programlisting>

   <programlisting language="java"><![CDATA[
HazelcastInstance hazelcast = (HazelcastInstance) context.getBean("hazelcast");
SomeBean bean = (SomeBean) context.getBean("someBean");

Future<Long> f = hazelcast.getExecutorService().submit(new SomeTask());
Assert.assertEquals(bean.value, f.get().longValue());

// choose a member
Member member = hazelcast.getCluster().getMembers().iterator().next();

Future<Long> f2 = (Future<Long>) hazelcast.getExecutorService()
    .submitToMember(new SomeTask(), member);
Assert.assertEquals(bean.value, f2.get().longValue());

]]></programlisting>


    <emphasis role="bold">Distributed Map value example:</emphasis>

    <programlisting language="java"><![CDATA[
@SpringAware
@Component("someValue")
@Scope("prototype")
public class SomeValue implements Serializable, ApplicationContextAware {

    transient ApplicationContext context;

    transient SomeBean someBean;

    transient boolean init = false;

    public void setApplicationContext(final ApplicationContext applicationContext)
        throws BeansException {
        context = applicationContext;
    }

    @Autowired
    public void setSomeBean(final SomeBean someBean) {
        this.someBean = someBean;
    }

    @PostConstruct
    public void init() {
        someBean.doSomethingUseful();
        init = true;
    }
    ...
}
]]></programlisting>

   On Node-1;
<programlisting language="java"><![CDATA[
HazelcastInstance hazelcast = (HazelcastInstance) context.getBean("hazelcast");
SomeValue value = (SomeValue) context.getBean("someValue")
IMap<String, SomeValue> map = hazelcast.getMap("values");
map.put("key", value);
]]></programlisting>

    On Node-2;
    <programlisting language="java"><![CDATA[
HazelcastInstance hazelcast = (HazelcastInstance) context.getBean("hazelcast");
IMap<String, SomeValue> map = hazelcast.getMap("values");
SomeValue value = map.get("key");
Assert.assertTrue(value.init);
]]></programlisting>
        <emphasis role="italic">Note that, Spring managed properties/fields are marked as <code>transient</code>.</emphasis>
    </para>
</sect1>
