<?xml version="1.0"?>
<!--
  ~ Copyright (c) 2008-2013, Hazelcast, Inc. All Rights Reserved.
  ~
  ~ Licensed under the Apache License, Version 2.0 (the "License");
  ~ you may not use this file except in compliance with the License.
  ~ You may obtain a copy of the License at
  ~
  ~ http://www.apache.org/licenses/LICENSE-2.0
  ~
  ~ Unless required by applicable law or agreed to in writing, software
  ~ distributed under the License is distributed on an "AS IS" BASIS,
  ~ WITHOUT WARRANTIES OR CONDITIONS OF ANY KIND, either express or implied.
  ~ See the License for the specific language governing permissions and
  ~ limitations under the License.
  -->

<ironjacamar xmlns="http://www.jboss.org/ironjacamar/schema"
	xmlns:xsi="http://www.w3.org/2001/XMLSchema-instance"
	xsi:schemaLocation="http://www.jboss.org/ironjacamar/schema 
             http://www.jboss.org/ironjacamar/schema/ironjacamar_1_0.xsd">

<!-- 
	<config-property name="configurationLocation"></config-property>
 -->
 
	<connection-definitions>
		<connection-definition class-name="com.hazelcast.jca.ManagedConnectionFactoryImpl"
			jndi-name="java:/HazelcastCF" pool-name="HazelcastConnectionFactory">
			<!-- 
			<config-property name="connectionTracingEvents">FACTORY_INIT,CREATE,TX_START,TX_COMPLETE,CLEANUP,DESTROY</config-property>
			 -->
			 <!-- 
			 <config-property name="connectionTracingDetail">true</config-property>
			  -->
		</connection-definition>
	</connection-definitions>

</ironjacamar>
