<?xml version="1.0" encoding="UTF-8"?>
<!--
  ~ Copyright (c) 2008-2013, Hazelcast, Inc. All Rights Reserved.
  ~
  ~ Licensed under the Apache License, Version 2.0 (the "License");
  ~ you may not use this file except in compliance with the License.
  ~ You may obtain a copy of the License at
  ~
  ~ http://www.apache.org/licenses/LICENSE-2.0
  ~
  ~ Unless required by applicable law or agreed to in writing, software
  ~ distributed under the License is distributed on an "AS IS" BASIS,
  ~ WITHOUT WARRANTIES OR CONDITIONS OF ANY KIND, either express or implied.
  ~ See the License for the specific language governing permissions and
  ~ limitations under the License.
  -->

<connector xmlns="http://java.sun.com/xml/ns/j2ee"
           xmlns:xsi="http://www.w3.org/2001/XMLSchema-instance"
           xsi:schemaLocation="http://java.sun.com/xml/ns/j2ee
           http://java.sun.com/xml/ns/j2ee/connector_1_5.xsd"
           version="1.5">
    <description>Hazelcast Resource Adapter</description>
    <display-name>HazelcastRA</display-name>
    <!--
    icon element seems to cause a problem with JBoss 5.1.
    icon element doesn't seem to be part of the connector dtd.
    try also removing it.
    -->
    <icon></icon>
    <vendor-name>Hazelcast.com</vendor-name>
    <eis-type>Hazelcast</eis-type>
    <resourceadapter-version>3.1.5</resourceadapter-version>

    <license>
        <description>Copyright (c) 2008-2013, Hazelcast, Inc.</description>
        <license-required>true</license-required>
    </license>
    <resourceadapter>
        <resourceadapter-class>com.hazelcast.jca.ResourceAdapterImpl</resourceadapter-class>
        <config-property>
        	<description>Location of the hazelcast.xml file</description>
        	<config-property-name>configurationLocation</config-property-name>
        	<config-property-type>java.lang.String</config-property-type>
        </config-property>
        <config-property>
        	<description>External Hazelcast Instance to handle with this Resource Adaptor</description>
        	<config-property-name>hazelcast</config-property-name>
        	<config-property-type>com.hazelcast.core.HazelcastInstance</config-property-type>
        </config-property>

        <outbound-resourceadapter>
            <connection-definition>
                <managedconnectionfactory-class>com.hazelcast.jca.ManagedConnectionFactoryImpl</managedconnectionfactory-class>
				<config-property>
					<description>Comma separated list of FACTORY_INIT, CREATE, TX_START, TX_COMPLETE, CLEANUP and DESTROY to trace connection events</description>
					<config-property-name>connectionTracingEvents</config-property-name>
					<config-property-type>java.lang.String</config-property-type>
					<config-property-value>FACTORY_INIT</config-property-value>
				</config-property>
                
                <config-property>
                	<description>Shows a stacktrace for all logged connectionTracingEvents</description>
                	<config-property-name>connectionTracingDetail</config-property-name>
                	<config-property-type>java.lang.Boolean</config-property-type>
                	<config-property-value>false</config-property-value>
                </config-property>
                
                <connectionfactory-interface>javax.resource.cci.ConnectionFactory</connectionfactory-interface>
                <connectionfactory-impl-class>com.hazelcast.jca.ConnectionFactoryImpl</connectionfactory-impl-class>
                
                <connection-interface>javax.resource.cci.Connection</connection-interface>
                <connection-impl-class>com.hazelcast.jca.ConnectionImpl</connection-impl-class>
            </connection-definition>

            <transaction-support>XATransaction</transaction-support>
            <authentication-mechanism>
                <authentication-mechanism-type>BasicPassword</authentication-mechanism-type>
                <credential-interface>javax.resource.spi.security.PasswordCredential</credential-interface>
            </authentication-mechanism>
            <reauthentication-support>false</reauthentication-support>
        </outbound-resourceadapter>
    </resourceadapter>
</connector>
