<?xml version="1.0" encoding="UTF-8"?>
<!--
    This configuration file was written by the eclipse-cs plugin configuration editor
-->
<!--
    Checkstyle-Configuration: Default Checks
    Description: none
-->
<!DOCTYPE module PUBLIC "-//Puppy Crawl//DTD Check Configuration 1.2//EN" "http://www.puppycrawl.com/dtds/configuration_1_2.dtd">
<module name="Checker">
    <property name="severity" value="warning"/>
    <module name="TreeWalker">
        <module name="JavadocMethod">
            <property name="severity" value="ignore"/>
        </module>
        <module name="JavadocType"/>
        <module name="JavadocVariable">
            <metadata name="com.atlassw.tools.eclipse.checkstyle.lastEnabledSeverity" value="info"/>
            <property name="severity" value="ignore"/>
        </module>
        <module name="JavadocStyle"/>
        <module name="ConstantName"/>
        <module name="LocalFinalVariableName"/>
        <module name="LocalVariableName"/>
        <module name="MemberName"/>
        <module name="MethodName"/>
        <module name="PackageName"/>
        <module name="ParameterName"/>
        <module name="StaticVariableName"/>
        <module name="TypeName"/>
        <module name="AvoidStarImport"/>
        <module name="IllegalImport"/>
        <module name="RedundantImport"/>
        <module name="UnusedImports"/>
        <module name="FileLength"/>
        <module name="LineLength">
            <property name="severity" value="ignore"/>
        </module>
        <module name="MethodLength"/>
        <module name="ParameterNumber"/>
        <module name="EmptyForIteratorPad"/>
        <module name="MethodParamPad"/>
        <module name="NoWhitespaceAfter">
            <property name="severity" value="ignore"/>
        </module>
        <module name="NoWhitespaceBefore"/>
        <module name="OperatorWrap"/>
        <module name="ParenPad"/>
        <module name="TypecastParenPad"/>
        <module name="TabCharacter"/>
        <module name="WhitespaceAfter"/>
        <module name="WhitespaceAround"/>
        <module name="ModifierOrder"/>
        <module name="RedundantModifier"/>
        <module name="AvoidNestedBlocks"/>
        <module name="EmptyBlock"/>
        <module name="LeftCurly"/>
        <module name="NeedBraces"/>
        <module name="RightCurly">
            <property name="severity" value="ignore"/>
        </module>
        <module name="AvoidInlineConditionals"/>
        <module name="DoubleCheckedLocking"/>
        <module name="EmptyStatement"/>
        <module name="EqualsHashCode"/>
        <module name="HiddenField">
            <property name="severity" value="info"/>
        </module>
        <module name="IllegalInstantiation"/>
        <module name="InnerAssignment"/>
        <module name="MagicNumber"/>
        <module name="MissingSwitchDefault"/>
        <module name="RedundantThrows"/>
        <module name="SimplifyBooleanExpression"/>
        <module name="SimplifyBooleanReturn"/>
        <module name="DesignForExtension"/>
        <module name="FinalClass"/>
        <module name="HideUtilityClassConstructor"/>
        <module name="InterfaceIsType"/>
        <module name="VisibilityModifier"/>
        <module name="ArrayTypeStyle"/>
        <module name="FinalParameters"/>
        <module name="GenericIllegalRegexp">
            <property name="severity" value="ignore"/>
            <property name="format" value="\s+$"/>
            <property name="message" value="Line has trailing spaces."/>
        </module>
        <module name="TodoComment"/>
        <module name="UpperEll"/>
    </module>
    <module name="PackageHtml"/>
    <module name="NewlineAtEndOfFile"/>
    <module name="Translation"/>
</module>
