<configuration xmlns="urn:hornetq"
               xmlns:xsi="http://www.w3.org/2001/XMLSchema-instance"
               xsi:schemaLocation="urn:hornetq /schema/hornetq-jms.xsd">

   <connection-factory name="ServletConnectionFactory">
      <connectors>
         <connector-ref connector-name="netty-servlet"/>
      </connectors>
      <entries>
         <entry name="/ServletConnectionFactory"/>
      </entries>
   </connection-factory>


   <queue name="testQueue">
      <entry name="/queue/testQueue"/>
   </queue>
</configuration>