<configuration xmlns="urn:hornetq"
         xmlns:xsi="http://www.w3.org/2001/XMLSchema-instance"
         xsi:schemaLocation="urn:hornetq /schema/hornetq-configuration.xsd">

   <!-- Connectors -->
   <connectors>
      <connector name="netty-connector">
         <factory-class>org.hornetq.core.remoting.impl.netty.NettyConnectorFactory</factory-class>
         <param key="port" value="5445"/>
      </connector>
   
      <!-- Connector to the other node -->
      <connector name="remote-connector">
         <factory-class>org.hornetq.core.remoting.impl.netty.NettyConnectorFactory</factory-class>
         <param key="port" value="5446"/>
      </connector>
   </connectors>
   
   <!-- Acceptors -->     
   <acceptors>
      <acceptor name="netty-acceptor">
         <factory-class>org.hornetq.core.remoting.impl.netty.NettyAcceptorFactory</factory-class>
         <param key="port" value="5445"/>
      </acceptor>
   </acceptors>
   
   <!-- We need to create a core queue for the JMS queue explicitly because the bridge will be deployed
   before the JMS queue is deployed, so the first time, it otherwise won't find the queue --> 
   <queues>   
      <queue name="jms.queue.sausage-factory">
         <address>jms.queue.sausage-factory</address>
      </queue>
  </queues>

   <!-- We set-up a bridge that forwards from a queue on this node to an address on another node.
   We specify a filter with the bridge, and a transformer too. The filter and transformer are optional -->
   <bridges>
      <bridge name="my-bridge">
          <queue-name>jms.queue.sausage-factory</queue-name>
          <forwarding-address>jms.queue.mincing-machine</forwarding-address>
          <filter string="name='aardvark'"/>
          <transformer-class-name>org.hornetq.jms.example.HatColourChangeTransformer</transformer-class-name>
          <reconnect-attempts>-1</reconnect-attempts> 
          <static-connectors>
             <connector-ref>remote-connector</connector-ref>
          </static-connectors>
       </bridge>
   </bridges>

   <!-- Other config -->

   <security-settings>
      <!--security for example queue-->
      <security-setting match="jms.queue.#">
         <permission type="createDurableQueue" roles="guest"/>
         <permission type="deleteDurableQueue" roles="guest"/>
         <permission type="createNonDurableQueue" roles="guest"/>
         <permission type="deleteNonDurableQueue" roles="guest"/>
         <permission type="consume" roles="guest"/>
         <permission type="send" roles="guest"/>
      </security-setting>
   </security-settings>
   
</configuration>
