<?xml version="1.0" encoding="UTF-8"?>

<!-- ============================================================================= -->
<!-- Copyright © 2009 Red Hat, Inc. and others.                                    -->
<!--                                                                               -->
<!-- The text of and illustrations in this document are licensed by Red Hat under  -->
<!-- a Creative Commons Attribution–Share Alike 3.0 Unported license ("CC-BY-SA"). -->
<!--                                                                               -->
<!-- An explanation of CC-BY-SA is available at                                    -->
<!--                                                                               -->
<!--            http://creativecommons.org/licenses/by-sa/3.0/.                    -->
<!--                                                                               -->
<!-- In accordance with CC-BY-SA, if you distribute this document or an adaptation -->
<!-- of it, you must provide the URL for the original version.                     -->
<!--                                                                               -->
<!-- Red Hat, as the licensor of this document, waives the right to enforce,       -->
<!-- and agrees not to assert, Section 4d of CC-BY-SA to the fullest extent        -->
<!-- permitted by applicable law.                                                  -->
<!-- ============================================================================= -->

<chapter id="filter-expressions">
    <title>过滤器表达式</title>
    <para>HornetQ提供了一套强大的过滤器（filter）语言。它的语法是基于SQL 92表达式的部分语法。</para>
    <para>实际上它与JMS选择器（selector）的语法是相同的。只是其中有一些预定义的标识符有所不同。有关
            JMS选择器的相关知识参见 <ulink
            url="http://java.sun.com/javaee/5/docs/api/javax/jms/Message.html"
            >javax.jms.Message</ulink>。</para>
    <para>HornetQ在以下以个地方使用了过滤器表达式：</para>
    <itemizedlist>
        <listitem>
            <para>预定义的队列。当在<literal
                    >hornetq-configuration.xml</literal> 或 <literal>hornetq-jms.xml</literal>定义
                队列时，可以使用过滤器。只有与过滤器表达式相匹配的消息才能达到该队列中。</para>
        </listitem>
        <listitem>
            <para>核心桥可以使用可选的过滤器表达式。只有与表达式相匹配的消息才被桥处理。
                参见(<xref linkend="core-bridges"/>)。</para>
        </listitem>
        <listitem>
            <para>转移（Divert）也可以使用可选的过滤器表达式。只有与表达式匹配的消息才被转移。
                参见(<xref linkend="diverts" />)。</para>
        </listitem>
        <listitem>
            <para>另外过滤器还可以在编程方式创建接收者（consumer）和队列时使用。还有一些应用过滤器的地方在
               <xref linkend="management"/>中有所描述。</para>
        </listitem>
    </itemizedlist>
    <para>HornetQ的内核过滤器表达式与JMS选择器表达式是有所不同的。JMS选择器应用于JMS消息，而HornetQ的内核过滤
        器表达式则用于内核消息。</para>
    <para>以下标识符可以用在内核消息的过滤器表达式中，用来引用内核消息的属性：</para>
    <itemizedlist>
        <listitem>
            <para><literal>HQPriority</literal>。代表消息的优先级。消息优先级属性的有效值为0到9间的整数。
                 0为最低优先级，9为最高优先级。例：<literal>HQPriority = 3 AND animal = 'aardvark'</literal>。</para>
        </listitem>
        <listitem>
            <para><literal>HQExpiration</literal>。代表消息的失效时间。其值为一长整形数。</para>
        </listitem>
        <listitem>
            <para><literal>HQDurable</literal>。代表消息是否是持久消息。它是一个字符型的属性，有效值为 <literal>DURABLE</literal> 
                   或 <literal>NON_DURABLE</literal>。</para>
        </listitem>
        <listitem>
            <para><literal>HQTimestamp</literal>。代表消息的创建时间，其值为一长整形数。</para>
        </listitem>
        <listitem>
            <para><literal>HQSize</literal>。消息的大小。单位为字节。其值是一个整形数。</para>
        </listitem>
    </itemizedlist>
    <para>任何其它的标识符在内核过滤器的表达式中都认为是代表着该消息的一个属性。</para>
</chapter>
