<?xml version="1.0" encoding="UTF-8"?>
<!-- ============================================================================= -->
<!-- Copyright © 2009 Red Hat, Inc. and others.                                    -->
<!--                                                                               -->
<!-- The text of and illustrations in this document are licensed by Red Hat under  -->
<!-- a Creative Commons Attribution–Share Alike 3.0 Unported license ("CC-BY-SA"). -->
<!--                                                                               -->
<!-- An explanation of CC-BY-SA is available at                                    -->
<!--                                                                               -->
<!--            http://creativecommons.org/licenses/by-sa/3.0/.                    -->
<!--                                                                               -->
<!-- In accordance with CC-BY-SA, if you distribute this document or an adaptation -->
<!-- of it, you must provide the URL for the original version.                     -->
<!--                                                                               -->
<!-- Red Hat, as the licensor of this document, waives the right to enforce,       -->
<!-- and agrees not to assert, Section 4d of CC-BY-SA to the fullest extent        -->
<!-- permitted by applicable law.                                                  -->
<!-- ============================================================================= -->
<chapter id="project-info">
   <title>项目信息</title>
   <para>HornetQ的官方网址是 <ulink url="http://hornetq.org/"
         >http://hornetq.org/</ulink>.</para>
   <section id="download.software">
      <title>软件下载</title>
      <para>HornetQ的下载地址为：<ulink
            url="http://hornetq.org/downloads.html">http://hornetq.org/downloads.html</ulink></para>
   </section>
   <section id="download.svn">
      <title>其它相关信息</title>
      <para>
         <itemizedlist>
            <listitem>
               <para>HornetQ的 <ulink
                     url="http://www.jboss.org/community/wiki/HornetQ">wiki</ulink></para>
            </listitem>
            <listitem>
               <para>如果在使用HornetQ中发生任何问题，可以去我们的 <ulink
                     url="http://www.jboss.org/index.html?module=bb&amp;op=viewforum&amp;f=312">用户论坛
                     </ulink></para>
            </listitem>
            <listitem>
               <para>如果你有开发方面的问题与想法，请访问我们的 <ulink
                     url="http://www.jboss.org/index.html?module=bb&amp;op=viewforum&amp;f=313"
                     >开发论坛</ulink></para>
            </listitem>
            <listitem>
               <para>请加入我们的<ulink url="irc://irc.freenode.net:6667/hornetq"
                     >IRC频道</ulink>与我们的核心开发工程师交流。</para>
            </listitem>
            <listitem>
               <para>我们项目有自己的 <ulink url="http://hornetq.blogspot.com/">博客</ulink></para>
            </listitem>
            <listitem>
               <para>还可以跟踪我们的<ulink url="http://twitter.com/hornetq">twitter</ulink></para>
            </listitem>
            <listitem>
               <para>HornetQ的Subversion代码库地址 <ulink
                     url="http://anonsvn.jboss.org/repos/hornetq/trunk"
                     >http://anonsvn.jboss.org/repos/hornetq/trunk</ulink></para>
            </listitem>
            <listitem>
               <para>每次发布的版本标签都在<ulink
                     url="http://anonsvn.jboss.org/repos/hornetq/tags"
                     >http://anonsvn.jboss.org/repos/hornetq/tags</ulink>下能找到。</para>
            </listitem>
         </itemizedlist>
      </para>
      <para>Red Hat 公司聘请全职工程师进行HornetQ项目的开发工作，他们是： <itemizedlist>
            <listitem>
               <para>
                  <ulink url="http://jbossfox.blogspot.com">Tim Fox</ulink> (项目主管)</para>
            </listitem>
            <listitem>
               <para>Howard Gao</para>
            </listitem>
            <listitem>
               <para><ulink url="http://jmesnil.net/weblog/">Jeff Mesnil</ulink></para>
            </listitem>
            <listitem>
               <para>Clebert Suconic</para>
            </listitem>
            <listitem>
               <para>Andy Taylor</para>
            </listitem>
         </itemizedlist></para>
      <para> 另外我们还有长期的和刚加入的一些贡献者，非常感謝他们的帮助。参见<ulink
            url="http://jboss.org/hornetq/community/team.html">完整的贡献者名单</ulink>。 </para>
   </section>
</chapter>
