<?xml version="1.0" encoding="utf-8"?>
<!--
  ~ Copyright 2009-2013 Roland Huss
  ~
  ~ Licensed under the Apache License, Version 2.0 (the "License");
  ~ you may not use this file except in compliance with the License.
  ~ You may obtain a copy of the License at
  ~
  ~       http://www.apache.org/licenses/LICENSE-2.0
  ~
  ~ Unless required by applicable law or agreed to in writing, software
  ~ distributed under the License is distributed on an "AS IS" BASIS,
  ~ WITHOUT WARRANTIES OR CONDITIONS OF ANY KIND, either express or implied.
  ~ See the License for the specific language governing permissions and
  ~ limitations under the License.
  -->

<document xmlns="http://maven.apache.org/XDOC/2.0"
  xmlns:xsi="http://www.w3.org/2001/XMLSchema-instance"
  xsi:schemaLocation="http://maven.apache.org/XDOC/2.0 http://maven.apache.org/xsd/xdoc-2.0.xsd">
  
  <properties>
    <title>Jolokia Javascript Client library</title>
    <author email="roland@jolokia.org">Roland Huss</author>
  </properties>

  <body>
    <section name="Jolokia Javascript Client library">
      <p>
        The user manual for the Jolokia Javascript client library is
        contained in <a
        href="../../../reference/html/clients.html#client-javascript">Reference
        Manual</a>. This document concentrates on more technical
        aspects. 
      </p>
      <subsection name="Testing">
        <p>
          This library comes with a test webapplication for
          integration testing this library from within a browser. The
          submodule <code>test-app</code> creates a WAR artifact which
          can be deployed in a servlet container. The Jolokia agent is
          contained and reachable under the URL
          <code>/jolokia</code>. The unit tests can be found at
        </p>
        <table>
          <tbody>
            <tr>
              <td><code>jolokia-test.html</code></td>
              <td>QUnit tests for the base library</td>
            </tr>
            <tr>
              <td><code>jolokia-simple-test.html</code></td>
              <td>QUnit tests for the simple API</td>
            </tr>
            <tr>
              <td><code>jolokia-all-test.html</code></td>
              <td>All the tests above combined</td>
            </tr>
          </tbody>
        </table>
        <p>
          This <code>test-app</code> is also configured for Jetty, so
          a
        </p>
        <pre>mvn jetty:run-exploded</pre>
        <p>
          will startup a Jetty and deploy this test application.
        </p>
        <p>
          In order to simplify development of unit-test a shell script
          <code>makeLinks.sh</code> is included which can be used in
          unix like OSs to create symbolic links to the Javascript
          files in the source directories. A typical workflow looks
          like:
        </p>
        <ul>
          <li>Initialize:
            <pre>mvn clean install
              sh makeLinks.sh
              mvn jetty:run-exploded</pre></li>
          <li>Edit and save the Javascript files (e.g. <code>jolokia.js</code>
            or <code>jolokia-test.js</code>)</li>
          <li>Reload the test HTML files in the browser</li>
        </ul>
      </subsection>
    </section>
  </body>
</document>