<?xml version='1.0' encoding='UTF-8'?>
<!--
  ~ Copyright (c) 2008-2013, Hazelcast, Inc. All Rights Reserved.
  ~
  ~ Licensed under the Apache License, Version 2.0 (the "License");
  ~ you may not use this file except in compliance with the License.
  ~ You may obtain a copy of the License at
  ~
  ~ http://www.apache.org/licenses/LICENSE-2.0
  ~
  ~ Unless required by applicable law or agreed to in writing, software
  ~ distributed under the License is distributed on an "AS IS" BASIS,
  ~ WITHOUT WARRANTIES OR CONDITIONS OF ANY KIND, either express or implied.
  ~ See the License for the specific language governing permissions and
  ~ limitations under the License.
  -->

<sect1 xml:id="GettingStarted" version='5.0' xmlns='http://docbook.org/ns/docbook'
       xmlns:xlink="http://www.w3.org/1999/xlink"
       xmlns:xsi="http://www.w3.org/2001/XMLSchema-instance"
       xsi:schemaLocation="http://docbook.org/ns/docbook http://www.docbook.org/xml/5.0/xsd/docbook.xsd
      http://www.w3.org/1999/xlink http://www.w3.org/1999/xlink.xsd">
    <title>Getting Started (Tutorial)</title>
    <para>
        In this short tutorial, we will create simple Java application using Hazelcast distributed map and queue.
        Then we will run our application twice to have two nodes (JVMs) clustered and finalize this tutorial
        with connecting to our cluster from another Java application by using Hazelcast Native Java Client API.
    </para>
    <para>
        <itemizedlist>
            <listitem>
                <para>Download the latest
                    <link xlink:href="http://www.hazelcast.com/downloads.jsp">Hazelcast zip</link>.
                </para>
            </listitem>
            <listitem>
                <para>Unzip it and add the
                    <literal>lib/hazelcast.jar</literal>
                    to your class path.
                </para>
            </listitem>
            <listitem>
                <para>Create a Java class and import Hazelcast libraries.</para>
            </listitem>
            <listitem>
                <para>Following code will start the first node and create and use
                    <literal>customers</literal>
                    map and queue.
                    <programlisting language="java"><![CDATA[
import com.hazelcast.config.Config;
import com.hazelcast.core.Hazelcast;
import com.hazelcast.core.HazelcastInstance;

import java.util.Map;
import java.util.Queue;

public class GettingStarted {

    public static void main(String[] args) {
        Config cfg = new Config();
        HazelcastInstance instance = Hazelcast.newHazelcastInstance(cfg);
        Map<Integer, String> mapCustomers = instance.getMap("customers");
        mapCustomers.put(1, "Joe");
        mapCustomers.put(2, "Ali");
        mapCustomers.put(3, "Avi");

        System.out.println("Customer with key 1: "+ mapCustomers.get(1));
        System.out.println("Map Size:" + mapCustomers.size());

        Queue<String> queueCustomers = instance.getQueue("customers");
        queueCustomers.offer("Tom");
        queueCustomers.offer("Mary");
        queueCustomers.offer("Jane");
        System.out.println("First customer: " + queueCustomers.poll());
        System.out.println("Second customer: "+ queueCustomers.peek());
        System.out.println("Queue size: " + queueCustomers.size());
    }
}
]]></programlisting>
                </para>
            </listitem>
            <listitem>
                <para>Run this class second time to get the second node started.</para>
            </listitem>
            <listitem>
                <para>Have you seen they formed a cluster? You should see something like this:
                    <programlisting language="xml"><![CDATA[
Members [2] {
	Member [127.0.0.1:5701]
	Member [127.0.0.1:5702] this
}
                            ]]></programlisting>
                </para>
            </listitem>
        </itemizedlist>
    </para>

    <para>
        <emphasis role="bold">Connecting Hazelcast Cluster with Java Client API</emphasis>
        <itemizedlist>
            <listitem>
                <para>Besides
                    <literal>hazelcast.jar</literal>
                    you should also add
                    <literal>hazelcast-client.jar</literal>
                    to your classpath.
                </para>
            </listitem>
            <listitem>
                <para>Following code will start a Hazelcast Client, connect to our two node cluster
                    and print the size of our
                    <literal>customers</literal>
                    map.
                    <programlisting language="java"><![CDATA[
package com.hazelcast.test;

import com.hazelcast.client.config.ClientConfig;
import com.hazelcast.client.HazelcastClient;
import com.hazelcast.core.HazelcastInstance;
import com.hazelcast.core.IMap;

public class GettingStartedClient {

    public static void main(String[] args) {
        ClientConfig clientConfig = new ClientConfig();
        clientConfig.addAddress("127.0.0.1:5701");
        HazelcastInstance client = HazelcastClient.newHazelcastClient(clientConfig);
        IMap map = client.getMap("customers");
        System.out.println("Map Size:" + map.size());
    }
}
]]></programlisting>
                </para>
            </listitem>
            <listitem>
                <para>When you run it, you will see the client properly connects to the cluster and print the map
                    size as 3.
                </para>
            </listitem>
        </itemizedlist>
    </para>
    <para>
        <emphasis role="bold">What is Next?</emphasis>
        <itemizedlist>
            <listitem>
                <para>You can browse
                    <link xlink:href="http://www.hazelcast.com/docs.jsp">documentation</link>
                    and resources for detailed features and examples.
                </para>
            </listitem>
            <listitem>
                <para>You can email your questions to Hazelcast
                    <link xlink:href="http://groups.google.com/group/hazelcast">mail group</link>.
                </para>
            </listitem>
            <listitem>
                <para>You can browse Hazelcast
                    <link xlink:href="https://github.com/hazelcast/hazelcast">source
                        code</link>.
                </para>
            </listitem>
        </itemizedlist>
    </para>
</sect1>
