<?xml version='1.0' encoding='UTF-8'?>

<!--
  ~ Copyright (c) 2008-2013, Hazelcast, Inc. All Rights Reserved.
  ~
  ~ Licensed under the Apache License, Version 2.0 (the "License");
  ~ you may not use this file except in compliance with the License.
  ~ You may obtain a copy of the License at
  ~
  ~ http://www.apache.org/licenses/LICENSE-2.0
  ~
  ~ Unless required by applicable law or agreed to in writing, software
  ~ distributed under the License is distributed on an "AS IS" BASIS,
  ~ WITHOUT WARRANTIES OR CONDITIONS OF ANY KIND, either express or implied.
  ~ See the License for the specific language governing permissions and
  ~ limitations under the License.
  -->

<simplesect version="5.0" xmlns="http://docbook.org/ns/docbook"
      xmlns:xi="http://www.w3.org/2001/XInclude"
      xmlns:xlink="http://www.w3.org/1999/xlink"
      xmlns:xsi="http://www.w3.org/2001/XMLSchema-instance"
      xsi:schemaLocation="http://docbook.org/ns/docbook http://www.docbook.org/xml/5.0/xsd/docbook.xsd
      http://www.w3.org/1999/xlink http://www.w3.org/1999/xlink.xsd">
    <para>
    <itemizedlist>
        <listitem>
            <para>Add the following system properties to enable
                <link xlink:href="http://download.oracle.com/javase/1.5.0/docs/guide/management/agent.html">jmx agent
                </link>
            </para>
            <itemizedlist>
                <listitem>
                    <para>-Dcom.sun.management.jmxremote</para>
                </listitem>
                <listitem>
                    <para>-Dcom.sun.management.jmxremote.port=_portNo_ (to specify jmx port)
                        <emphasis>optional</emphasis>
                    </para>
                </listitem>
                <listitem>
                    <para>-Dcom.sun.management.jmxremote.authenticate=false (to disable jmx auth)
                        <emphasis>optional</emphasis>
                    </para>
                </listitem>
            </itemizedlist>
        </listitem>
        <listitem>
            <para>Enable Hazelcast property
                <emphasis>hazelcast.jmx</emphasis>
                <itemizedlist>
                    <listitem>
                        <para>using Hazelcast configuration (api, xml, spring)</para>
                    </listitem>
                    <listitem>
                        <para>or set system property -Dhazelcast.jmx=true</para>
                    </listitem>
                </itemizedlist>
            </para>
        </listitem>
        <listitem>
            <para>Use jconsole, jvisualvm (with mbean plugin) or another jmx-compliant monitoring
                tool.
            </para>
        </listitem>
    </itemizedlist>
    <emphasis role="bold">Following attributes can be monitored:</emphasis>
    <itemizedlist>
        <listitem>
            <para>Cluster
                <itemizedlist>
                    <listitem>
                        <para>config</para>
                    </listitem>
                    <listitem>
                        <para>group name</para>
                    </listitem>
                    <listitem>
                        <para>count of members and their addresses (host:port)</para>
                    </listitem>
                    <listitem>
                        <para>operations: restart, shutdown cluster</para>
                    </listitem>
                </itemizedlist>
            </para>
        </listitem>
        <listitem>
            <para>Member
                <itemizedlist>
                    <listitem>
                        <para>inet address</para>
                    </listitem>
                    <listitem>
                        <para>port</para>
                    </listitem>
                </itemizedlist>
            </para>
        </listitem>
        <listitem>
            <para>Statistics
                <itemizedlist>
                    <listitem>
                        <para>count of instances</para>
                    </listitem>
                    <listitem>
                        <para>number of instances created, destroyed since startup</para>
                    </listitem>
                    <listitem>
                        <para>max instances created, destroyed per second</para>
                    </listitem>
                </itemizedlist>
            </para>
        </listitem>
        <listitem>
            <para>AtomicLong
                <itemizedlist>
                    <listitem>
                        <para>name</para>
                    </listitem>
                    <listitem>
                        <para>actual value</para>
                    </listitem>
                    <listitem>
                        <para>operations: add, set, compareAndSet, reset</para>
                    </listitem>
                </itemizedlist>
            </para>
        </listitem>
        <listitem>
            <para>List, Set
                <itemizedlist>
                    <listitem>
                        <para>name</para>
                    </listitem>
                    <listitem>
                        <para>size</para>
                    </listitem>
                    <listitem>
                        <para>items (as strings)</para>
                    </listitem>
                    <listitem>
                        <para>operations: clear, reset statistics</para>
                    </listitem>
                </itemizedlist>
            </para>
        </listitem>
        <listitem>
            <para>Map
                <itemizedlist>
                    <listitem>
                        <para>name</para>
                    </listitem>
                    <listitem>
                        <para>size</para>
                    </listitem>
                    <listitem>
                        <para>operations: clear</para>
                    </listitem>
                </itemizedlist>
            </para>
        </listitem>
        <listitem>
            <para>Queue
                <itemizedlist>
                    <listitem>
                        <para>name</para>
                    </listitem>
                    <listitem>
                        <para>size</para>
                    </listitem>
                    <listitem>
                        <para>received and served items</para>
                    </listitem>
                    <listitem>
                        <para>operations: clear, reset statistics</para>
                    </listitem>
                </itemizedlist>
            </para>
        </listitem>
        <listitem>
            <para>Topic
                <itemizedlist>
                    <listitem>
                        <para>name</para>
                    </listitem>
                    <listitem>
                        <para>number of messages dispatched since creation, in last second</para>
                    </listitem>
                    <listitem>
                        <para>max messages dispatched per second</para>
                    </listitem>
                </itemizedlist>
            </para>
        </listitem>
    </itemizedlist>
    </para>
</simplesect>
