<?xml version='1.0' encoding='UTF-8'?>
<!--
  ~ Copyright (c) 2008-2013, Hazelcast, Inc. All Rights Reserved.
  ~
  ~ Licensed under the Apache License, Version 2.0 (the "License");
  ~ you may not use this file except in compliance with the License.
  ~ You may obtain a copy of the License at
  ~
  ~ http://www.apache.org/licenses/LICENSE-2.0
  ~
  ~ Unless required by applicable law or agreed to in writing, software
  ~ distributed under the License is distributed on an "AS IS" BASIS,
  ~ WITHOUT WARRANTIES OR CONDITIONS OF ANY KIND, either express or implied.
  ~ See the License for the specific language governing permissions and
  ~ limitations under the License.
  -->

<sect1 xml:id="Lock" version='5.0' xmlns='http://docbook.org/ns/docbook'
       xmlns:xi="http://www.w3.org/2001/XInclude"
       xmlns:xlink="http://www.w3.org/1999/xlink"
       xmlns:xsi="http://www.w3.org/2001/XMLSchema-instance"
       xsi:schemaLocation="http://docbook.org/ns/docbook http://www.docbook.org/xml/5.0/xsd/docbook.xsd
      http://www.w3.org/1999/xlink http://www.w3.org/1999/xlink.xsd">
    <title>Distributed Lock</title>
    <para>
        <programlisting language="java"><![CDATA[import com.hazelcast.core.Hazelcast;
import com.hazelcast.config.Config;
import java.util.concurrent.locks.Lock;

Config cfg = new Config();
HazelcastInstance hz = Hazelcast.newHazelcastInstance(cfg);
Lock lock = hz.getLock(myLockedObject);
lock.lock();
try {
    // do something here
} finally {
    lock.unlock();
} 
 
]]></programlisting>

        <literal>java.util.concurrent.locks.Lock.tryLock()</literal>
        with timeout is also supported. All operations on the Lock that
        <literal>Hazelcast.getLock(Object obj)</literal>
        returns are cluster-wide and Lock behaves just like
        <literal>java.util.concurrent.lock.ReentrantLock</literal>.

        <programlisting language="java"><![CDATA[if (lock.tryLock (5000, TimeUnit.MILLISECONDS)) {
    try {  
       // do some stuff here..  
    } 
    finally {  
      lock.unlock();  
    }   
} 
]]></programlisting>

        Locks are fail-safe. If a member holds a lock and some of the members go down, cluster will keep your locks safe
        and available. Moreover, when a member leaves the cluster, all the locks acquired by this dead member will be
        removed so that these locks can be available for live members immediately.

    </para>
</sect1>
