<?xml version='1.0' encoding='UTF-8'?>
<!--
  ~ Copyright (c) 2008-2013, Hazelcast, Inc. All Rights Reserved.
  ~
  ~ Licensed under the Apache License, Version 2.0 (the "License");
  ~ you may not use this file except in compliance with the License.
  ~ You may obtain a copy of the License at
  ~
  ~ http://www.apache.org/licenses/LICENSE-2.0
  ~
  ~ Unless required by applicable law or agreed to in writing, software
  ~ distributed under the License is distributed on an "AS IS" BASIS,
  ~ WITHOUT WARRANTIES OR CONDITIONS OF ANY KIND, either express or implied.
  ~ See the License for the specific language governing permissions and
  ~ limitations under the License.
  -->

<sect1 xml:id="Topic" version='5.0' xmlns='http://docbook.org/ns/docbook'
       xmlns:xi="http://www.w3.org/2001/XInclude"
       xmlns:xsi="http://www.w3.org/2001/XMLSchema-instance"
       xsi:schemaLocation="http://docbook.org/ns/docbook http://www.docbook.org/xml/5.0/xsd/docbook.xsd">
    <title>Distributed Topic</title>
    <para>Hazelcast provides distribution mechanism for publishing messages that are delivered to
        multiple subscribers which is also known as publish/subscribe (pub/sub) messaging model.
        Publish and subscriptions are cluster-wide. When a member subscribes for a topic, it is
        actually registering for messages published by any member in the cluster, including the new
        members joined after you added the listener. Messages are ordered, meaning,
        listeners(subscribers) will process the messages in the order they are actually published.
        If cluster member M publishes messages m1, m2, m3...mn to a topic T, then Hazelcast makes
        sure that all of the subscribers of topic T will receive and process m1, m2, m3...mn in
        order. Therefore there is only single thread invoking onMessage.

        There is also globalOrderEnabled option in topic configuration, which is disabled by default. When
        enabled, it guarantees all nodes listening the same topic will get messages in same order.

        The user shouldn't keep the thread busy and preferably dispatch it via an Executor.
        <programlisting language="java"><![CDATA[import com.hazelcast.core.Topic;
import com.hazelcast.core.Hazelcast;
import com.hazelcast.core.MessageListener;
import com.hazelcast.config.Config;

public class Sample implements MessageListener<MyEvent> {

    public static void main(String[] args) {
        Sample sample = new Sample();
        Config cfg = new Config();
        HazelcastInstance hz = Hazelcast.newHazelcastInstance(cfg);
        ITopic topic = hz.getTopic ("default");
        topic.addMessageListener(sample);
        topic.publish (new MyEvent());
    }

   public void onMessage(Message<MyEvent> message) {
        MyEvent myEvent = message.getMessageObject();
        System.out.println("Message received = " + myEvent.toString());
        if (myEvent.isHeavyweight()) {
            messageExecutor.execute(new Runnable() {
                public void run() {
                    doHeavyweightStuff(myEvent);
                }
            });
        }
    }

    // ...

    private static final Executor messageExecutor = Executors.newSingleThreadExecutor();
}

]]></programlisting>
    </para>


    <xi:include href="../WildcardConfigurationLink.xml"/>
</sect1>
