<?xml version='1.0' encoding='UTF-8'?>
<!--
  ~ Copyright 2009 Red Hat, Inc.
  ~  Red Hat licenses this file to you under the Apache License, version
  ~  2.0 (the "License"); you may not use this file except in compliance
  ~  with the License.  You may obtain a copy of the License at
  ~     http://www.apache.org/licenses/LICENSE-2.0
  ~  Unless required by applicable law or agreed to in writing, software
  ~  distributed under the License is distributed on an "AS IS" BASIS,
  ~  WITHOUT WARRANTIES OR CONDITIONS OF ANY KIND, either express or
  ~  implied.  See the License for the specific language governing
  ~  permissions and limitations under the License.
  -->

<!DOCTYPE bookinfo PUBLIC "-//OASIS//DTD DocBook XML V4.5//EN" "http://www.oasis-open.org/docbook/xml/4.5/docbookx.dtd" [
<!ENTITY % BOOK_ENTITIES SYSTEM "HornetQ_User_Manual.ent">
%BOOK_ENTITIES;
]>
<bookinfo id="HornetQ_User_Manual">
  <title>HornetQ User Manual</title>
  <subtitle>Putting the buzz in messaging</subtitle>
  <productname>HornetQ</productname>
  <edition>2.1.0</edition>
  <pubsnumber>1</pubsnumber>
  <abstract>
    <para>The User manual is an in depth manual on all aspects of HornetQ</para>
  </abstract>
  <corpauthor>
    <inlinemediaobject>
      <imageobject>
        <imagedata fileref="images/hornetQ_logo_600px.png" format="PNG"/>
      </imageobject>
      <textobject>
        <phrase>HornetQ Logo</phrase>
      </textobject>
    </inlinemediaobject>
  </corpauthor>
  <copyright>
    <year>&YEAR;</year>
    <holder>&HOLDER;</holder>
  </copyright>
  <xi:include xmlns:xi="http://www.w3.org/2001/XInclude" href="Author_Group.xml"/>
</bookinfo>
