<?xml version="1.0" encoding="UTF-8"?>
<!-- ============================================================================= -->
<!-- Copyright © 2009 Red Hat, Inc. and others.                                    -->
<!--                                                                               -->
<!-- The text of and illustrations in this document are licensed by Red Hat under  -->
<!-- a Creative Commons Attribution–Share Alike 3.0 Unported license ("CC-BY-SA"). -->
<!--                                                                               -->
<!-- An explanation of CC-BY-SA is available at                                    -->
<!--                                                                               -->
<!--            http://creativecommons.org/licenses/by-sa/3.0/.                    -->
<!--                                                                               -->
<!-- In accordance with CC-BY-SA, if you distribute this document or an adaptation -->
<!-- of it, you must provide the URL for the original version.                     -->
<!--                                                                               -->
<!-- Red Hat, as the licensor of this document, waives the right to enforce,       -->
<!-- and agrees not to assert, Section 4d of CC-BY-SA to the fullest extent        -->
<!-- permitted by applicable law.                                                  -->
<!-- ============================================================================= -->

<!DOCTYPE chapter PUBLIC "-//OASIS//DTD DocBook XML V4.5//EN" "http://www.oasis-open.org/docbook/xml/4.5/docbookx.dtd" [
<!ENTITY % BOOK_ENTITIES SYSTEM "HornetQ_User_Manual.ent">
%BOOK_ENTITIES;
]>
<chapter id="client-classpath">
    <title>The Client Classpath</title>
    <para>HornetQ requires several jars on the <emphasis>Client Classpath</emphasis> depending on
        whether the client uses HornetQ Core API, JMS, and JNDI.</para>
    <warning>
        <para>All the jars mentioned here can be found in the <literal>lib</literal> directory of
            the HornetQ distribution. Be sure you only use the jars from the correct version of the
            release, you <emphasis>must not</emphasis> mix and match versions of jars from different
            HornetQ versions. Mixing and matching different jar versions may cause subtle errors and
            failures to occur.</para>
    </warning>
    <section>
        <title>HornetQ Core Client</title>
        <para>If you are using just a pure HornetQ Core client (i.e. no JMS) then you need <literal
                >hornetq-core-client.jar</literal> and
                <literal>netty.jar</literal> on your client classpath.</para>
        <para>If the client runs inside a <emphasis>Java 5 virtual machine</emphasis>, use instead <literal>hornetq-core-client-java5.jar</literal>.</para>
    </section>
    <section>
        <title>JMS Client</title>
        <para>If you are using JMS on the client side, then you will also need to include <literal
                >hornetq-jms-client.jar</literal> and <literal>jboss-jms-api.jar</literal>.</para>
        <para>If the client runs inside a <emphasis>Java 5 virtual machine</emphasis>, include instead <literal>hornetq-jms-client-java5.jar</literal>.</para>
        
        <note>
            <para><literal>jboss-jms-api.jar</literal> just contains Java EE API interface classes
                needed for the <literal>javax.jms.*</literal> classes. If you already have a jar
                with these interface classes on your classpath, you will not need it.</para>
        </note>
        
    </section>
    <section>
        <title>JMS Client with JNDI</title>
        <para>If you are looking up JMS resources from the JNDI server co-located with the HornetQ
            standalone server, you wil also need the jar <literal>jnp-client.jar</literal> jar on
            your client classpath as well as any other jars mentioned previously.</para>
    </section>
</chapter>
