<?xml version="1.0" encoding="UTF-8"?>

<!-- ============================================================================= -->
<!-- Copyright © 2009 Red Hat, Inc. and others.                                    -->
<!--                                                                               -->
<!-- The text of and illustrations in this document are licensed by Red Hat under  -->
<!-- a Creative Commons Attribution–Share Alike 3.0 Unported license ("CC-BY-SA"). -->
<!--                                                                               -->
<!-- An explanation of CC-BY-SA is available at                                    -->
<!--                                                                               -->
<!--            http://creativecommons.org/licenses/by-sa/3.0/.                    -->
<!--                                                                               -->
<!-- In accordance with CC-BY-SA, if you distribute this document or an adaptation -->
<!-- of it, you must provide the URL for the original version.                     -->
<!--                                                                               -->
<!-- Red Hat, as the licensor of this document, waives the right to enforce,       -->
<!-- and agrees not to assert, Section 4d of CC-BY-SA to the fullest extent        -->
<!-- permitted by applicable law.                                                  -->
<!-- ============================================================================= -->

<!DOCTYPE chapter PUBLIC "-//OASIS//DTD DocBook XML V4.5//EN" "http://www.oasis-open.org/docbook/xml/4.5/docbookx.dtd" [
<!ENTITY % BOOK_ENTITIES SYSTEM "HornetQ_User_Manual.ent">
%BOOK_ENTITIES;
]>

<chapter id="filter-expressions">
    <title>Filter Expressions</title>
    <para>HornetQ provides a powerful filter language based on a subset of the SQL 92
        expression syntax.</para>
    <para>It is the same as the syntax used for JMS selectors, but the predefined identifiers are
        different. For documentation on JMS selector syntax please the JMS javadoc for <ulink
            url="http://java.sun.com/javaee/5/docs/api/javax/jms/Message.html"
            >javax.jms.Message</ulink>.</para>
    <para>Filter expressions are used in several places in HornetQ</para>
    <itemizedlist>
        <listitem>
            <para>Predefined Queues. When pre-defining a queue, either in <literal
                    >hornetq-configuration.xml</literal> or <literal>hornetq-jms.xml</literal> a filter
                expression can be defined for a queue. Only messages that match the filter
                expression will enter the queue.</para>
        </listitem>
        <listitem>
            <para>Core bridges can be defined with an optional filter expression, only matching
                messages will be bridged (see <xref linkend="core-bridges"/>).</para>
        </listitem>
        <listitem>
            <para>Diverts can be defined with an optional filter expression, only matching messages
                will be diverted (see <xref linkend="diverts" />).</para>
        </listitem>
        <listitem>
            <para>Filter are also used programmatically when creating consumers, queues and in
                several places as described in <xref linkend="management"/>.</para>
        </listitem>
    </itemizedlist>
    <para>There are some differences between JMS selector expressions and HornetQ core
        filter expressions. Whereas JMS selector expressions operate on a JMS message, HornetQ
        core filter expressions operate on a core message.</para>
    <para>The following identifiers can be used in a core filter expressions to refer to attributes
        of the core message in an expression:</para>
    <itemizedlist>
        <listitem>
            <para><literal>HQPriority</literal>. To refer to the priority of a message. Message
                priorities are integers with valid values from <literal>0 - 9</literal>. <literal
                    >0</literal> is the lowest priority and <literal>9</literal> is the highest.
                E.g. <literal>HQPriority = 3 AND animal = 'aardvark'</literal></para>
        </listitem>
        <listitem>
            <para><literal>HQExpiration</literal>. To refer to the expiration time of a message.
                The value is a long integer.</para>
        </listitem>
        <listitem>
            <para><literal>HQDurable</literal>. To refer to whether a message is durable or not.
                The value is a string with valid values: <literal>DURABLE</literal> or <literal
                    >NON_DURABLE</literal>.</para>
        </listitem>
        <listitem>
            <para><literal>HQTimestamp</literal>. The timestamp of when the message was created.
                The value is a long integer.</para>
        </listitem>
        <listitem>
            <para><literal>HQSize</literal>. The size of a message in bytes. The value is an
                integer.</para>
        </listitem>
    </itemizedlist>
    <para>Any other identifiers used in core filter expressions will be assumed to be properties of
        the message.</para>
</chapter>
