<?xml version='1.0' encoding='UTF-8'?>
<!--
  ~ Copyright 2009 Red Hat, Inc.
  ~  Red Hat licenses this file to you under the Apache License, version
  ~  2.0 (the "License"); you may not use this file except in compliance
  ~  with the License.  You may obtain a copy of the License at
  ~     http://www.apache.org/licenses/LICENSE-2.0
  ~  Unless required by applicable law or agreed to in writing, software
  ~  distributed under the License is distributed on an "AS IS" BASIS,
  ~  WITHOUT WARRANTIES OR CONDITIONS OF ANY KIND, either express or
  ~  implied.  See the License for the specific language governing
  ~  permissions and limitations under the License.
  -->

<!-- This document was created with Syntext Serna Free. --><!DOCTYPE book PUBLIC "-//OASIS//DTD DocBook XML V4.5//EN" "http://www.oasis-open.org/docbook/xml/4.5/docbookx.dtd" [
<!ENTITY % BOOK_ENTITIES SYSTEM "HornetQ_User_Manual.ent">
%BOOK_ENTITIES;

]>
<book>
  <xi:include xmlns:xi="http://www.w3.org/2001/XInclude" href="Book_Info.xml"/>
  <xi:include xmlns:xi="http://www.w3.org/2001/XInclude" href="notice.xml"/>
  <xi:include xmlns:xi="http://www.w3.org/2001/XInclude" href="preface.xml"/>
  <xi:include xmlns:xi="http://www.w3.org/2001/XInclude" href="project-info.xml"/>
  <xi:include xmlns:xi="http://www.w3.org/2001/XInclude" href="messaging-concepts.xml"/>
  <xi:include xmlns:xi="http://www.w3.org/2001/XInclude" href="architecture.xml"/>
  <xi:include xmlns:xi="http://www.w3.org/2001/XInclude" href="using-server.xml"/>
  <xi:include xmlns:xi="http://www.w3.org/2001/XInclude" href="using-jms.xml"/>
  <xi:include xmlns:xi="http://www.w3.org/2001/XInclude" href="using-core.xml"/>
  <xi:include xmlns:xi="http://www.w3.org/2001/XInclude" href="jms-core-mapping.xml"/>
  <xi:include xmlns:xi="http://www.w3.org/2001/XInclude" href="client-classpath.xml"/>
  <xi:include xmlns:xi="http://www.w3.org/2001/XInclude" href="examples.xml"/>
  <xi:include xmlns:xi="http://www.w3.org/2001/XInclude" href="wildcard-routing.xml"/>
  <xi:include xmlns:xi="http://www.w3.org/2001/XInclude" href="wildcard-syntax.xml"/>
  <xi:include xmlns:xi="http://www.w3.org/2001/XInclude" href="filter-expressions.xml"/>
  <xi:include xmlns:xi="http://www.w3.org/2001/XInclude" href="persistence.xml"/>
  <xi:include xmlns:xi="http://www.w3.org/2001/XInclude" href="configuring-transports.xml"/>
  <xi:include xmlns:xi="http://www.w3.org/2001/XInclude" href="connection-ttl.xml"/>
  <xi:include xmlns:xi="http://www.w3.org/2001/XInclude" href="transaction-config.xml"/>
  <xi:include xmlns:xi="http://www.w3.org/2001/XInclude" href="flow-control.xml"/>
  <xi:include xmlns:xi="http://www.w3.org/2001/XInclude" href="send-guarantees.xml"/>
  <xi:include xmlns:xi="http://www.w3.org/2001/XInclude" href="undelivered-messages.xml"/>
  <xi:include xmlns:xi="http://www.w3.org/2001/XInclude" href="message-expiry.xml"/>
  <xi:include xmlns:xi="http://www.w3.org/2001/XInclude" href="large-messages.xml"/>
  <xi:include xmlns:xi="http://www.w3.org/2001/XInclude" href="paging.xml"/>
  <xi:include xmlns:xi="http://www.w3.org/2001/XInclude" href="queue-attributes.xml"/>
  <xi:include xmlns:xi="http://www.w3.org/2001/XInclude" href="scheduled-messages.xml"/>
  <xi:include xmlns:xi="http://www.w3.org/2001/XInclude" href="last-value-queues.xml"/>
  <xi:include xmlns:xi="http://www.w3.org/2001/XInclude" href="message-grouping.xml"/>
  <xi:include xmlns:xi="http://www.w3.org/2001/XInclude" href="pre-acknowledge.xml"/>
  <xi:include xmlns:xi="http://www.w3.org/2001/XInclude" href="management.xml"/>
  <xi:include xmlns:xi="http://www.w3.org/2001/XInclude" href="security.xml"/>
  <xi:include xmlns:xi="http://www.w3.org/2001/XInclude" href="appserver-integration.xml"/>
  <xi:include xmlns:xi="http://www.w3.org/2001/XInclude" href="jms-bridge.xml"/>
  <xi:include xmlns:xi="http://www.w3.org/2001/XInclude" href="client-reconnection.xml"/>
  <xi:include xmlns:xi="http://www.w3.org/2001/XInclude" href="diverts.xml"/>
  <xi:include xmlns:xi="http://www.w3.org/2001/XInclude" href="core-bridges.xml"/>
  <xi:include xmlns:xi="http://www.w3.org/2001/XInclude" href="duplicate-detection.xml"/>
  <xi:include xmlns:xi="http://www.w3.org/2001/XInclude" href="clusters.xml"/>
  <xi:include xmlns:xi="http://www.w3.org/2001/XInclude" href="ha.xml"/>
  <xi:include xmlns:xi="http://www.w3.org/2001/XInclude" href="libaio.xml"/>
  <xi:include xmlns:xi="http://www.w3.org/2001/XInclude" href="thread-pooling.xml"/>
  <xi:include xmlns:xi="http://www.w3.org/2001/XInclude" href="logging.xml"/>
  <xi:include xmlns:xi="http://www.w3.org/2001/XInclude" href="embedding-hornetq.xml"/>
  <xi:include xmlns:xi="http://www.w3.org/2001/XInclude" href="spring-integration.xml"/>
  <xi:include xmlns:xi="http://www.w3.org/2001/XInclude" href="intercepting-operations.xml"/>
  <xi:include xmlns:xi="http://www.w3.org/2001/XInclude" href="interoperability.xml"/>
  <xi:include xmlns:xi="http://www.w3.org/2001/XInclude" href="perf-tuning.xml"/>
  <xi:include xmlns:xi="http://www.w3.org/2001/XInclude" href="configuration-index.xml"/>
</book>
