<!-- ============================================================================= -->
<!-- Copyright © 2009 Red Hat, Inc. and others.                                    -->
<!--                                                                               -->
<!-- The text of and illustrations in this document are licensed by Red Hat under  -->
<!-- a Creative Commons Attribution–Share Alike 3.0 Unported license ("CC-BY-SA"). -->
<!--                                                                               -->
<!-- An explanation of CC-BY-SA is available at                                    -->
<!--                                                                               -->
<!--            http://creativecommons.org/licenses/by-sa/3.0/.                    -->
<!--                                                                               -->
<!-- In accordance with CC-BY-SA, if you distribute this document or an adaptation -->
<!-- of it, you must provide the URL for the original version.                     -->
<!--                                                                               -->
<!-- Red Hat, as the licensor of this document, waives the right to enforce,       -->
<!-- and agrees not to assert, Section 4d of CC-BY-SA to the fullest extent        -->
<!-- permitted by applicable law.                                                  -->
<!-- ============================================================================= -->

<!DOCTYPE chapter PUBLIC "-//OASIS//DTD DocBook XML V4.5//EN" "http://www.oasis-open.org/docbook/xml/4.5/docbookx.dtd" [
<!ENTITY % BOOK_ENTITIES SYSTEM "HornetQ_User_Manual.ent">
%BOOK_ENTITIES;
]>

<chapter id="notice">
    <title>Legal Notice</title>
        
        <para>Copyright © 2010 Red Hat, Inc. and others.</para>
        <para>The text of and illustrations in this document are licensed by Red Hat under
            a Creative Commons Attribution–Share Alike 3.0 Unported license ("CC-BY-SA").</para>
        <para>An explanation of CC-BY-SA is available at 
            <ulink url="http://creativecommons.org/licenses/by-sa/3.0/">http://creativecommons.org/licenses/by-sa/3.0/</ulink>. 
            In accordance with CC-BY-SA, if you distribute this document or an adaptation
            of it, you must provide the URL for the original version.</para>
        <para>Red Hat, as the licensor of this document, waives the right to enforce, 
            and agrees not to assert, Section 4d of CC-BY-SA to the fullest extent 
            permitted by applicable law.</para>
</chapter>