<?xml version="1.0" encoding="UTF-8"?>
<!-- ============================================================================= -->
<!-- Copyright © 2009 Red Hat, Inc. and others.                                    -->
<!--                                                                               -->
<!-- The text of and illustrations in this document are licensed by Red Hat under  -->
<!-- a Creative Commons Attribution–Share Alike 3.0 Unported license ("CC-BY-SA"). -->
<!--                                                                               -->
<!-- An explanation of CC-BY-SA is available at                                    -->
<!--                                                                               -->
<!--            http://creativecommons.org/licenses/by-sa/3.0/.                    -->
<!--                                                                               -->
<!-- In accordance with CC-BY-SA, if you distribute this document or an adaptation -->
<!-- of it, you must provide the URL for the original version.                     -->
<!--                                                                               -->
<!-- Red Hat, as the licensor of this document, waives the right to enforce,       -->
<!-- and agrees not to assert, Section 4d of CC-BY-SA to the fullest extent        -->
<!-- permitted by applicable law.                                                  -->
<!-- ============================================================================= -->

<!DOCTYPE chapter PUBLIC "-//OASIS//DTD DocBook XML V4.5//EN" "http://www.oasis-open.org/docbook/xml/4.5/docbookx.dtd" [
<!ENTITY % BOOK_ENTITIES SYSTEM "HornetQ_User_Manual.ent">
%BOOK_ENTITIES;
]>
<chapter id="paging">
    <title>Paging</title>
    <para>HornetQ transparently supports huge queues containing millions of messages while the
        server is running with limited memory.</para>
    <para>In such a situation it's not possible to store all of the queues in memory at any one
        time, so HornetQ transparently <emphasis>pages</emphasis> messages into and out of memory as
        they are needed, thus allowing massive queues with a low memory footprint.</para>
    <para>HornetQ will start paging messages to disk, when the size of all messages in memory for an
        address exceeds a configured maximum size.</para>
    <para>By default, HornetQ does not page messages - this must be explicitly configured to
        activate it.</para>
    <section>
        <title>Page Files</title>
        <para>Messages are stored per address on the file system. Each address has an individual
            folder where messages are stored in multiple files (page files). Each file will contain
            messages up to a max configured size (<literal>page-size-bytes</literal>). When reading
            page-files all messages on the page-file are read, routed and the file is deleted as
            soon as the messages are recovered.</para>
    </section>
    <section id="paging.main.config">
        <title>Configuration</title>
        <para>You can configure the location of the paging folder</para>
        <para>Global paging parameters are specified on the main configuration file (<literal
                >hornetq-configuration.xml</literal>).</para>
        <programlisting>&lt;configuration xmlns="urn:hornetq"
            xmlns:xsi="http://www.w3.org/2001/XMLSchema-instance"
            xsi:schemaLocation="urn:hornetq /schema/hornetq-configuration.xsd">
            
            ...
            
            &lt;paging-directory>/somewhere/paging-directory&lt;/paging-directory>
            &lt;page-max-concurrent-io>/5&lt;/paging-directory>
            
            ...        </programlisting>
        <para>
            <table frame="topbot">
                <title>Paging Configuration Parameters</title>
                <tgroup cols="3">
                    <colspec colname="c1" colnum="1"/>
                    <colspec colname="c2" colnum="2"/>
                    <colspec colname="c3" colnum="3"/>
                    <thead>
                        <row>
                            <entry>Property Name</entry>
                            <entry>Description</entry>
                            <entry>Default</entry>
                        </row>
                    </thead>
                    <tbody>
                        <row>
                            <entry><literal>paging-directory</literal></entry>
                            <entry>Where page files are stored. HornetQ will create one folder for
                                each address being paged under this configured location.</entry>
                            <entry>data/paging</entry>
                        </row>
                       <row>
                            <entry><literal>page-max-concurrent-io</literal></entry>
                            <entry>The maximum number of concurrent reads the system can make on paged files. You may increase this parameter depending on 
                                   the expected number of paged destinations and the limits you have on your disk</entry>
                            <entry>5</entry>
                        </row>
                    </tbody>
                </tgroup>
            </table>
        </para>
    </section>
    <section id="paging.mode">
        <title>Paging Mode</title>
        <para>As soon as messages delivered to an address exceed the configured size, that address
            alone goes into page mode.</para>
        <note>
            <para>Paging is done individually per address. If you configure a max-size-bytes for an
                address, that means each matching address will have a maximum size that you
                specified. It DOES NOT mean that the total overall size of all matching addresses is
                limited to max-size-bytes.</para>
        </note>
        <section>
            <title>Configuration</title>
            <para>Configuration is done at the address settings, done at the main configuration file
                    (<literal>hornetq-configuration.xml</literal>).</para>
            <programlisting>  &lt;address-settings>
      &lt;address-setting match="jms.someaddress">
         &lt;max-size-bytes>104857600&lt;/max-size-bytes>
         &lt;page-size-bytes>10485760&lt;/page-size-bytes>
         &lt;address-full-policy>PAGE&lt;/address-full-policy>
      &lt;/address-setting>
   &lt;/address-settings>
        </programlisting>
            <para>This is the list of available parameters on the address settings.</para>
            <para>
                <table frame="topbot">
                    <title>Paging Address Settings</title>
                    <tgroup cols="3">
                        <colspec colname="c1" colnum="1"/>
                        <colspec colname="c2" colnum="2"/>
                        <colspec colname="c3" colnum="3"/>
                        <thead>
                            <row>
                                <entry>Property Name</entry>
                                <entry>Description</entry>
                                <entry>Default</entry>
                            </row>
                        </thead>
                        <tbody>
                            <row>
                                <entry><literal>max-size-bytes</literal></entry>
                                <entry>What's the max memory the address could have before entering
                                    on page mode.</entry>
                                <entry>-1 (disabled)</entry>
                            </row>
                            <row>
                                <entry><literal>page-size-bytes</literal></entry>
                                <entry>The size of each page file used on the paging system</entry>
                                <entry>10MiB (10 * 1024 * 1024 bytes)</entry>
                            </row>
                            <row>
                                <entry><literal>address-full-policy</literal></entry>
                                <entry>This must be set to PAGE for paging to enable. If the value
                                    is PAGE then further messages will be paged to disk. If the
                                    value is DROP then further messages will be silently dropped. If
                                    the value is BLOCK then client message producers will block when
                                    they try and send further messages.</entry>
                                <entry>PAGE</entry>
                            </row>
                        </tbody>
                    </tgroup>
                </table>
            </para>
        </section>
    </section>
    <section>
        <title>Dropping messages</title>
        <para>Instead of paging messages when the max size is reached, an address can also be
            configured to just drop messages when the address is full.</para>
        <para>To do this just set the <literal>address-full-policy</literal> to <literal
                >DROP</literal> in the address settings</para>
    </section>
    <section>
        <title>Blocking producers</title>
        <para>Instead of paging messages when the max size is reached, an address can also be
            configured to block producers from sending further messages when the address is full,
            thus preventing the memory being exhausted on the server.</para>
        <para>When memory is freed up on the server, producers will automatically unblock and be
            able to continue sending.</para>
        <para>To do this just set the <literal>address-full-policy</literal> to <literal
                >BLOCK</literal> in the address settings</para>
        <para>In the default configuration, all addresses are configured to block producers after 10 MiB of data are in the address.</para>
    </section>
    <section>
        <title>Caution with Addresses with Multiple Queues</title>
        <para>When a message is routed to an address that has multiple queues bound to it, e.g. a
            JMS subscription, there is only 1 copy of the message in memory. Each queue only deals
            with a reference to this. Because of this the memory is only freed up once all queues
            referencing the message have delivered it. This means that if not all queues deliver the
            message we can end up in a state where messages are not delivered. </para>
        <para>For example:</para>
        <itemizedlist>
            <listitem>
                <para>An address has 10 queues </para>
            </listitem>
            <listitem>
                <para>One of the queues does not deliver its messages (maybe because of a slow
                    consumer).</para>
            </listitem>
            <listitem>
                <para>Messages continually arrive at the address and paging is started.</para>
            </listitem>
            <listitem>
                <para>The other 9 queues are empty even though messages have been sent.</para>
            </listitem>
        </itemizedlist>
        <para>In this example we have to wait until the last queue has delivered some of its
            messages before we depage and the other queues finally receive some more
            messages.</para>
    </section>
    <section>
        <title>Paging and message selectors</title>
        <note>
            <para>Please note that message selectors will only operate on messages in memory. If you
                have a large amount of messages paged to disk and a selector that only matches some
                of the paged messages, then those messages won't be consumed until the messages in
                memory have been consumed. HornetQ does not scan through page files on disk to
                locate matching messages. To do this efficiently would mean implementing and
                managing indexes amongst other things. Effectively we would be writing a relational
                database! This is not the primary role of a messaging system. If you find yourself
                using selectors which only select small subsets of messages in very large queues
                which are too large to fit in memory at any one time, then you probably want a
                relational database not a messaging system - you're effectively executing queries
                over tables.</para>
        </note>
    </section>
    <section>
        <title>Paging and browsers</title>
        <note>
            <para>Please note that message browsers only operate over messages in memory. They do
                not operate over messages paged to disk. Messages are paged to disk
                    <emphasis>before</emphasis> they are routed to any queues, so when they are
                paged, they are not in any queues, so will not appear when browsing any queues.
            </para>
        </note>
    </section>
    <section>
        <title>Paging and unacknowledged messages</title>
        <note>
            <para> Please note that until messages are acknowledged they are still in memory on the
                server, so they contribute to the size of messages on a particular address. If
                messages are paged to disk for an address, and are being consumed, they will be
                depaged from disk when enough memory has been freed up in that address after
                messages have been consumed and acknowledged. However if messages are not
                acknowledged then more messages will not be depaged since there is no free space in
                memory. In this case message consumption can appear to hang. If not acknowledging
                explictly messages are acknowledged according to the <literal
                    >ack-batch-size</literal> setting. Be careful not to set your paging max size to
                a figure lower than ack-batch-size or your system may appear to hang! </para>
        </note>
    </section>
    <section>
        <title>Example</title>
        <para>See <xref linkend="examples.paging"/> for an example which shows how to use paging
            with HornetQ.</para>
    </section>
</chapter>
