<?xml version="1.0" encoding="UTF-8"?>
<!--
  ~ Copyright 2009-2013 Roland Huss
  ~
  ~ Licensed under the Apache License, Version 2.0 (the "License");
  ~ you may not use this file except in compliance with the License.
  ~ You may obtain a copy of the License at
  ~
  ~       http://www.apache.org/licenses/LICENSE-2.0
  ~
  ~ Unless required by applicable law or agreed to in writing, software
  ~ distributed under the License is distributed on an "AS IS" BASIS,
  ~ WITHOUT WARRANTIES OR CONDITIONS OF ANY KIND, either express or implied.
  ~ See the License for the specific language governing permissions and
  ~ limitations under the License.
  -->

<document xmlns="http://maven.apache.org/XDOC/2.0"
  xmlns:xsi="http://www.w3.org/2001/XMLSchema-instance"
  xsi:schemaLocation="http://maven.apache.org/XDOC/2.0 http://maven.apache.org/xsd/xdoc-2.0.xsd">
  
  <properties>
    <title>Jolokia Cubism Demo</title>
    <author email="roland@jolokia.org">Roland Huss</author>
  </properties>
  
  <head>
    <script type="text/javascript" src="../js/d3.v2.min.js"></script>
    <script type="text/javascript" src="../js/jquery-1.7.2-min.js"></script>
    <script type="text/javascript" src="../js/jolokia-min.js"></script>
    <script type="text/javascript" src="../js/cubism.v1.min.js"></script>
    <script type="text/javascript" src="../js/jolokia-cubism-min.js"></script>
    <script type="text/javascript" src="../js/javascript-cubism.js"></script>    
    <link rel="stylesheet" type="text/css" href="../css/style.css" />
  </head>
  
  <body>
    <section name="Jolokia-Cubism Integration">
      <p>
        <a href="http://square.github.com/cubism/">Cubism</a> is a
        fine Javascript library for plotting timeseries data based on
        <a href="http://d3js.org/">d3.js</a>. It provides support for
        various backend sources like <a
        href="http://graphite.wikidot.com/">Graphite</a> or <a
        href="http://square.github.com/cube/">Cube</a> and also for
        Jolokia. It is easy to use and provides innovative chart types
        like a <a
        href="http://vis.berkeley.edu/papers/horizon/">horizon</a>
        chart. The Jolokia integration polls the Jolokia agent
        periodically and remembers the values locally. It uses the <a
        href="../reference/html/clients.html#js-poller">scheduling
        facility</a> of the Jolokia Javascript library by sending a
        single bulk request for fetching the data for all charts and is
        hence very efficient.
      </p>
      <p>
        The following sections show some simple real time demos of
        this integration. After that, some concepts are explained. The
        full Javascript source can be downloaded <a
        href="../js/javascript-cubism.js">here</a>.
      </p>
      <subsection name="HeapMemory">
        <p>
          The following demo directly queries Jolokia's <a
          href="http://labs.consol.de/hudson">CI</a> and <a
          href="http://labs.consol.de/sonar">Sonar</a> server which
          is a plain Tomcat 7. The memory charts show the heap memory
          usage as a fraction of the maximum available heap. Note that
          different colors indicate different value ranges in this <a
          hef="https://github.com/square/cubism/wiki/Horizon">horizon
          chart</a>. The activity of the two garbage collectors for
          the young and old generation are shown below. Feel free to
          trigger a garbage collection on your own by pressing the
          button and look how the chart is changing.
        </p>
        <div id="memory"></div>
        <button style="margin-top: 10px; margin-left: 25px;" onclick="gc()">Trigger Garbage Collection</button>
      </subsection>
      <subsection name="Requests (per 10 seconds)">
        <p>
          The second demo visualizes the number of requests served by
          this Tomcat instance. The requests are grouped by 10s, so
          the values are the number of requests received in the last
          10 seconds. The green charts show the requests for the <a
          href="http://jolokia.org/jolokia">Jolokia agent</a>, the <a
          href="http://labs.consol.de/hudson">Hudson CI server</a>
          and the <a href="http://labs.consol.de/sonar">Sonar Code
          Metrics</a> server. Since this demo queries the Jolokia
          agent every second, the first chart should show up at least
          10 request per 10 seconds. Finally the number of requests
          served by all deployed servlets is drawn in blue. 
        </p>
        <div id="request">
        </div>
      </subsection>
      <subsection name="Examples">
        <p>
          Plotting the result of a single Jolokia request is simple
          and follows the general pattern used by Cubism. You first
          create a Jolokia source from the Cubism context and create
          metrics from this source. When a metric is created, it
          registers one or more Jolokia request for the <a
          href="../reference/html/clients.html#js-poller">Jolokia scheduler</a>
        </p>
        <pre class="prettyprint lang-javascript">  // Create a top-level Cubism Context
  var context = cubism.context();
  
  // Create a source for Jolokia metrics pointing to the agent 
  // at 'http://jolokia.org/jolokia'
  var jolokia = context.jolokia("http://jolokia.org/jolokia");

  // Create a metric for the absolute Heap memory usage
  var memoryAbs = jolokia.metric({
                      type: 'read', 
                      mbean: 'java.lang:type=Memory',
                      attribute: 'HeapMemoryUsage',
                      path: 'used'
                  },"HeapMemory Usage");
 
   // Use d3 to attach the metrics with a specific graph type 
   // ('horizon' in this case) to the document
   d3.select("#charts").call(function(div) {
       div.append("div")
           .data([memoryAbs])
           .call(context.horizon())
   });</pre>
   <p>
     The following example present an advanced concept if more
     flexibility is required. When the first argument to
     <code>jolokia.metric()</code> is a function, this function is
     feed periodically with Jolokia response objects resulting from the
     requests object given as second argument. The final
     argument can be an options object, which in this case indicates
     the label of the chart and the type to be a delta chart,
     measuring only the increase rate for ten seconds. 
   </p>
   <p>
     This sample also shows how to use wildcard patterns in a read
     request to fetch multiple values at once in a generic
     fashion. Wildcard reading is explained in detail in the <a
     href="../reference/html/protocol.html#read">reference manual</a>.
   </p>
   <pre class="prettyprint lang-javascript">  var allRequestsMetric = jolokia.metric(
    function (resp) {
        var attrs = resp.value;
        var sum = 0;
        for (var key in attrs) {
            sum += attrs[key].requestCount;
        }
        return sum;
    },
    { 
       type: "read", 
       mbean: "Catalina:j2eeType=Servlet,*",
       attribute: "requestCount"
    }, 
    {
       name: "All Requests", 
       delta: 10 * 1000
    });</pre>
      </subsection>
    </section>
  </body>
</document>