<?xml version="1.0" encoding="UTF-8"?>
<!--
  ~ Copyright 2009-2013 Roland Huss
  ~
  ~ Licensed under the Apache License, Version 2.0 (the "License");
  ~ you may not use this file except in compliance with the License.
  ~ You may obtain a copy of the License at
  ~
  ~       http://www.apache.org/licenses/LICENSE-2.0
  ~
  ~ Unless required by applicable law or agreed to in writing, software
  ~ distributed under the License is distributed on an "AS IS" BASIS,
  ~ WITHOUT WARRANTIES OR CONDITIONS OF ANY KIND, either express or implied.
  ~ See the License for the specific language governing permissions and
  ~ limitations under the License.
  -->

<document xmlns="http://maven.apache.org/XDOC/2.0"
  xmlns:xsi="http://www.w3.org/2001/XMLSchema-instance"
  xsi:schemaLocation="http://maven.apache.org/XDOC/2.0 http://maven.apache.org/xsd/xdoc-2.0.xsd">
  
  <properties>
    <title>Jolokia Java Client library</title>
    <author email="roland@jolokia.org">Roland Huss</author>
  </properties>

  <body>
    <section name="Jolokia Java Client library">
      <p>
        The Jolokia Java client bindings provide typeless access to a
        remote JMX MBeanServer. Its programming model follows a
        request-response paradigm and  is easy to use:
      </p>
      <pre class="prettyprint lang-java">
  J4pClient j4pClient = new J4pClient("http://localhost:8080/jolokia");
  J4pReadRequest req = new J4pReadRequest("java.lang:type=Memory","HeapMemoryUsage")
  req.setPath("used");
  J4pReadResponse resp = j4pClient.execute(req);
  System.out.println(resp.getValue());
      </pre>
      <p>
        This client library is described in detail with all
        configuration options in the <a
        href="../reference/html/clients.html#client-java">reference manual</a>.
      </p>
    </section>
  </body>
</document>